term_months,rank,institution,kind,state,apy_pct,min_deposit,promotion,product_note,fdic_cert,ncua_charter,remote_opening,nonresident_eligible,cu_membership_open_nationwide,early_withdrawal_penalty,source_url,read_note,date_checked
3,1,Habib American Bank,bank,NY,4.50,,no,,25093,,"states: NY, NJ, CA","Opening an account requires a US Social Security number, according to the institution's own pages.",,Substantial early withdrawal penalties apply.,https://www.hab.bank/rates,"Online application only for applicants who are at least 18, legal residents of the United States and live in New York, New Jersey or California. It requires a US Social Security number and a government ID other than a passport (read by hand 2026-09-25).",2026-10-05
3,2,Ivy Bank (Cambridge Savings Bank),bank,MA,4.25,,no,,17870,,yes,not stated,,Substantial penalties for early withdrawal may be imposed.,https://www.ivybank.com/cds,,2026-10-05
3,3,Heritage Bank Minnesota,bank,MN,4.16,250,no,,8865,,not stated,not stated,,"CD & IRA Interest Rates Rates current as of December 18, 2025 TYPE OF PRODUCT MINIMUM DEPOSIT INTEREST RATE Annual Percentage Yield (APY)* EARLY WITHDRAWAL PENALTIES (Minimum $25) 3 Month Fixed CD $250 4.10% 4.16% 91 Days Interest 6 Month F",https://heritagebankmn.com/personal/cds-iras/,,2026-10-05
3,4,Bask Bank (Texas Capital Bank),bank,TX,4.10,,no,,34383,,not stated,"Opening an account requires a US Social Security number, according to the institution's own pages.",,Penalty may be imposed for early withdrawal and may reduce earnings.,https://baskbank.com/sites/default/files/Documents/Disclosures/rates-and-fee-schedule.pdf,,2026-10-05
3,5,Farmers and Merchants Bank,bank,NE,4.06,,no,,14275,,yes,not stated,,ates of Deposit Learn More Month Rate APY 3 Month 4.00% 4.06% 6 Month 4.00% 4.06% 12 Month 4.10% 4.16% 24 Month 4.20% 4.27% 36 Month 4.30% 4.37% 48 Month 4.30% 4.37% 60 Month 4.30% 4.37% Penalty with early withdrawal Find Us Contact Us Find,https://www.fmbmilligan.com/services-tools/tools/rates.html,,2026-10-05
3,6,BTG Pactual Bank,bank,NY,4.00,500,no,,35154,,yes,The posted CD rate is for US citizens and resident aliens. Residents of Brazil and Chile who are BTG Pactual clients can open a US dollar account held at Regent Bank.,,Early withdrawal penalties may apply (except No-Penalty CDs).,https://www.btgpactual.us/banking/certificates-of-deposit,,2026-10-05
3,6,Farmers Insurance FCU,credit_union,CA,4.00,,yes,,,1074,not stated,"Opening an account requires a US Social Security number, according to the institution's own pages.",yes (free American Consumer Council membership),Certificate rates subject to change at any time and are subject to substantial penalties for early withdrawal.,https://figfcu.org/certificates,,2026-10-05
3,6,"First Jackson Bank, Inc.",bank,AL,4.00,,no,,23376,,not stated,not stated,,NOTICE: This account may require a minimum daily balance and/or impose a penalty for early withdrawal.,https://firstjacksonbank.com/rates/,,2026-10-05
3,6,Hanscom Federal Credit Union,credit_union,MA,4.00,,no,,,9095,not stated,not stated,not stated,Early withdrawal penalties may apply to certificates.,https://www.hfcu.org/rates/account-rates.html,,2026-10-05
3,10,Balboa Thrift and Loan Association,bank,CA,3.98,,no,,26704,,not stated,not stated,,An early withdrawal penalty equal to three (3) months of interest may be imposed for early withdrawals.,https://www.balboathrift.com/deposits/deposit-rates,,2026-10-05
3,11,Bank of the Flint Hills,bank,KS,3.91,,no,,4791,,not stated,not stated,,A penalty may be imposed for early withdrawal.,https://www.bfh.bank/personal/deposit-rates,,2026-10-05
3,12,Stearns Bank National Association,bank,MN,3.90,500,no,,10988,,not stated,not stated,,3 No penalty may be imposed for early withdrawal.,https://www.stearnsbank.com/personal/cds,,2026-10-05
3,12,Pathway Bank,bank,NE,3.90,1000,no,,1992,,not stated,not stated,,Substantial Penalty for Early Withdrawal.,https://www.pathwaybank.com/cds-iras-hsas,,2026-10-05
3,12,Bread Savings,bank,UT,3.90,1500,no,,57570,,not stated,not stated,,A penalty will be imposed for early withdrawals on CDs.,https://www.breadfinancial.com/en/bread-savings/certificates-of-deposit.html,,2026-09-24
3,12,Bank of Utah,bank,UT,3.90,,no,,17159,,yes,not stated,,"Ability to Add Funds to Account After Initial Deposit: No Ability to Make Early Withdrawals from Account: Not without penalty How to Open an Account: 3-Month, 6-Month, 1-Year, 2-Year, and all terms 3 years and longer can be opened online ; ",https://www.bankofutah.com/personal/checking-savings/certificate-of-deposit-accounts,,2026-10-05
3,12,FinWise Bank,bank,UT,3.90,,no,,35323,,yes,not stated,,‡ An early withdrawal penalty may apply for all Certificates of Deposit.,https://www.finwise.bank/wp-content/uploads/2026/04/Online-FW-Savings-Certificate-of-Deposit-Rates-04-10-2026.pdf,,2026-10-05
3,17,Citizens Bank & Trust Company,bank,KY,3.85,500,no,,15675,,not stated,not stated,,Penalty may be imposed for early withdrawal.,https://www.cbtky.com/personal/certificate-of-deposit-rates,,2026-10-05
3,17,Banesco USA,bank,FL,3.85,,no,,57815,,yes,The posted rate is for US customers. A separate international CD is offered at a rate set by a banker.,,"Certificate of Deposit An account that earns a fixed rate of interest for a fixed term Open online $1,000 minimum opening balance No monthly maintenance fee $0.01 minimum balance to earn interest Early withdrawal penalties may apply 9 Zelle",https://banescousa.com/personal/deposits/us/,,2026-10-05
3,17,Customers Bank,bank,PA,3.85,,no,,34444,,yes,not stated,,Penalty for early withdrawal.,https://www.customersbank.com/cds/,,2026-10-05
3,17,First National Bank of America,bank,MI,3.85,,no,,17438,,yes,not stated,,A penalty may be imposed for early withdrawal.,https://www.fnba.com/deposit-rates/,,2026-10-05
3,21,Greater Nevada Credit Union,credit_union,NV,3.83,,no,,,68228,not stated,not stated,no (Nevada),A penalty may be imposed for withdrawals before maturity.,https://www.gncu.org/banking/account-rates/,,2026-10-05
3,22,Merchants Bank of Indiana,bank,IN,3.82,,no,,8056,,not stated,not stated,,026 Choose from the following terms: 12 Month Flex Index CD Open Flex Index CD online Account Details: Minimum balance to open CD is $1000 Must maintain minimum balance of $1000 every day to earn APY Penalty may be imposed for early withdra,https://bankmerchants.com/certificates-of-deposit/,,2026-10-05
3,23,USALLIANCE Financial,credit_union,NY,3.80,500,no,,,17587,not stated,not stated,not stated,"Dividend Savings Certificate Accounts Certificate Account products (similar to CDs) are available for Individual Retirement Accounts (IRAs), with the exception of the 11 Month Special Certificate (No Early Withdrawal Penalty).",https://www.usalliance.org/about-us/rates/savings-rates,,2026-10-05
3,23,Leighton State Bank,bank,IA,3.80,,no,,10118,,not stated,not stated,,p 3.75% 3.80% Quarterly 4 Year Step 3.50% 3.55% Quarterly 5 Year 3.50% 3.53% Semi-Annually * Annual Percentage Yield (APY) Rates effective 8/24/2026 and subject to change $500 minimum balance for CDs Early withdrawal penalties may apply.,https://leightonbank.com/bank-with-us/personal/cds-iras-and-hsas/,,2026-10-05
3,23,One World Bank,bank,TX,3.80,,no,,57901,,not stated,not stated,,A penalty may be imposed for early withdrawal.,https://www.oneworldbank.com/bank-rates/,,2026-10-05
3,26,Gulf Coast Business Bank,bank,FL,3.77,5000,no,,59281,,not stated,not stated,,Early withdrawal penalties may apply.,https://www.gcbbswfl.com/resources/rates,,2026-10-05
3,27,VisionBank,bank,MN,3.76,,no,,58063,,not stated,not stated,,"nth a,c Create Account 4.18% 4.25% 30 Month a,c Create Account 4.18% 4.25% 36 Month a,c Create Account 4.18% 4.25% 48 Month a,c Create Account 4.18% 4.25% 60 Month a,c Create Account 4.18% 4.25% a) A penalty may be imposed for early withdra",https://bankwithvision.com/rates/,,2026-10-05
3,28,Credit Union of Southern California,credit_union,CA,3.75,500,no,,,24983,not stated,not stated,no (local or relative),A penalty may be imposed for early withdrawals.,https://www.cusocal.org/loans/personal/rates/,,2026-10-05
3,28,Cross River Bank,bank,NJ,3.75,500,no,,58410,,not stated,not stated,,CDs are subject to penalty for early withdrawal.,https://www.crossriver.com/personal-banking,,2026-10-05
3,30,ESB Financial,bank,KS,3.70,,no,,16629,,not stated,not stated,,Greater earnings than standard savings Receive higher rates by selecting a longer term Provides more guarantee than other risky investments A wide range of terms available (from 3 months to 5 years) Penalty for early withdrawal FDIC insured,https://www.esbfinancial.com/banking/personal-banking/personal-savings/certificates-of-deposit-cds.html,,2026-10-05
3,31,Freedom Bank of Southern Missouri,bank,MO,3.65,1000,no,,35276,,not stated,not stated,,"Savings ++ $5 $0 0.40% 0.40% Business Savings ++ $100 $0 - - Tier 1 <$50,000.00 - $0 0.35% - Tier 2 $50,000.00 - $50,000 0.45% - Tier 3 $100,000.00 - $100,000 0.55% - APY = Annual Percentage Yield *A penalty may be imposed for early withdra",https://www.freedombk.com/deposit,,2026-10-05
3,31,Bradesco Bank,bank,FL,3.65,,no,,21265,,not stated,not stated,,"If funds are withdrawn within six (6) days of the date of deposit, an early withdrawal penalty of seven (7) days’ simple interest on the amount withdrawn will be charged.",https://bradescobank.com/es/certificate-of-deposit-bradesco/,,2026-10-05
3,31,Technology Credit Union,credit_union,CA,3.65,,no,,,68383,not stated,not stated,not stated,Penalties will be imposed for early withdrawals.,https://www.techcu.com/Resources/Rates,,2026-10-05
3,34,KodaBank,bank,ND,3.60,1000,no,,8386,,not stated,not stated,,"$25,000 - $99,999* $100,000+* 3.30% 3.40% 3.50% 3.30% 3.40% 3.50% 60 Month: $1,000 - $24,999* $25,000 - $99,999* $100,000+* 3.40% 3.50% 3.60% 3.40% 3.50% 3.60% Rates Effective September 29th, 2026 *A penalty may be imposed for early withdra",https://www.kodabank.com/personal/save-and-spend/cds-and-iras,,2026-10-05
3,34,UniBank,bank,WA,3.60,1000,no,,58407,,not stated,not stated,,All certificate of deposits and IRA's are subject to an interest penalty for early withdrawal of principal.,https://www.unibankusa.com/deposit/resources/deposit-rates,,2026-10-05
3,34,Access Bank,bank,NE,3.60,,yes,,58727,,not stated,not stated,,penalty may be imposed for early withdrawal.,https://www.accessbank.com/for-you/accounts/interest-rates,,2026-10-05
3,34,EverBank,bank,FL,3.60,,no,,34775,,yes,not stated,,,https://www.everbank.com/product-selection?referid=31176,,2026-10-05
3,38,Beach Cities Commercial Bank,bank,CA,3.59,2500,no,,59290,,not stated,not stated,,Any withdrawal of principal or interest prior to maturity will reduce overall earnings and trigger an Early Withdrawal Penalty.,https://beachcitiescb.com/Rates/,,2026-10-05
3,39,Mid-America Bank,bank,KS,3.55,500,no,,17374,,not stated,not stated,,A penalty may be imposed for early withdrawal.,https://www.mid-americabank.com/personal-rates,,2026-10-05
3,39,Phelps County Bank,bank,MO,3.55,,no,,18841,,yes,not stated,,.70% 12 Month CD 3.75% 3.80% 15 Month CD 3.75% 3.80% 18 Month CD 3.80% 3.85% 24 Month CD 3.85% 3.91% 30 Month CD 3.85% 3.91% 36 Month CD 3.90% 3.96% 48 Month CD 3.90% 3.96% 60 Month CD 3.90% 3.96% *A penalty may be imposed for early withdra,https://www.mypcb.com/rates,,2026-10-05
3,39,The Bank of Old Monroe,bank,MO,3.55,,no,,1655,,not stated,not stated,,Certificates of deposit may be subject to penalty for early withdrawal.,https://www.bankofoldmonroe.com/bank-rates/,,2026-10-05
3,42,Ocean Bank,bank,FL,3.53,,yes,,24156,,yes,Customers living abroad can open a separate international CD at a rate set by a banker.,,There will be a penalty for early withdrawals on CDs.,https://www.oceanbank.com/content/dam/documents-en/deposit-account-rates.pdf,,2026-10-05
3,43,First Bank of the Lake,bank,MO,3.40,,no,,26960,,not stated,not stated,,Penalty may be imposed for early withdrawal.,https://www.fblake.bank/rates/,,2026-10-05
3,43,First Internet Bank of Indiana,bank,IN,3.40,,no,,34607,,yes,not stated,,Contact Us Learn More Business CD Accounts & Rates Term Interest Rate Annual Percentage Yield (APY) Early Withdrawal Penalties 3-month CD 3.35 % 3.40 % 90 days interest Open Account 6-month CD 3.54 % 3.60 % 180 days interest Open Account 12,https://www.firstib.com/open-account/,,2026-10-05
3,45,Great North Bank,bank,WI,3.38,,no,,15146,,not stated,not stated,,Early withdrawal penalties may apply.,https://www.greatnorthbank.com/wp-content/uploads/PDF/OAO-Rate.pdf,,2026-10-05
3,46,First Federal Savings Bank,bank,IN,3.35,2500,no,,29056,,not stated,not stated,,A penalty will be imposed for early withdrawal.,https://www.firstfedsavings.bank/current-rates/,,2026-10-05
3,46,Sidney Federal Credit Union,credit_union,NY,3.35,,no,,,6011,yes,not stated,no (counties),,https://sfcuonline.org/accounts/share-certificates/,,2026-10-05
3,48,Chevron Federal Credit Union,credit_union,CA,3.30,,no,,,24326,yes,Chevron employees working outside the US can join. Other applicants need a US Social Security number.,possibly (association),All certificates are subject to an early withdrawal penalty.,https://www.chevronfcu.org/rates/share-certificate,,2026-10-05
3,49,State Bank of Bottineau,bank,ND,3.29,100,no,,9121,,not stated,not stated,,"3.79% a 60 MONTH CD $ 100.00 3.75% 3.79% a, b 21 MONTH RATE WATCH CD $ 2,500.00 3.60% 3.65% a, b 36 MONTH RATE WATCH CD $ 2,500.00 3.65% 3.70% a, b 57 MONTH RATE WATCH CD $ 2,500.00 3.70% 3.75% a) A penalty may be imposed for early withdraw",https://www.statebankofbottineau.com/assets/files/wbJLgSoZ,,2026-10-05
3,50,Rolette State Bank,bank,ND,3.28,5000,no,,9120,,not stated,not stated,,"Contact Us Rates Certificates of Deposit (CDs) Effective January 8, 2026 Penalty may be imposed for early withdrawal.",https://www.rolettestatebank.com/rates/,,2026-10-05
3,51,Directions Credit Union,credit_union,OH,3.25,500,no,,,60978,not stated,not stated,no (counties),Penalty for early withdrawal.,https://directionscu.org/personal/save/savings-certificates/checking-savings-rates/,,2026-10-05
3,51,Service Credit Union,credit_union,,3.25,500,no,,,,not stated,not stated,not stated,Penalty for early withdrawal.,https://servicecu.org/rates/,,2026-10-05
3,51,Visions Federal Credit Union,credit_union,NY,3.25,500,no,,,17429,not stated,not stated,not stated,Should the early withdrawal amount during the life of the certificate exceed the original balance the Credit Union will require that the entire balance be withdrawn and subject to penalty.,https://www.visionsfcu.org/rates/ira-rates,,2026-10-05
3,51,Home Bank and Trust Company,bank,KS,3.25,1000,no,,4664,,not stated,not stated,,,https://homebank-trust.com/rates/,,2026-10-05
3,51,First Tech Federal Credit Union,credit_union,CA,3.25,,no,,,23521,yes,not stated,possibly (participating organization),"If the Share Certificate Account is closed before dividends are credited, dividends accrued through the prior business day will be paid, subject to any early withdrawal penalty.",https://www.firsttechfed.com/,,2026-10-05
3,51,Seacoast National Bank,bank,FL,3.25,,no,,131,,yes,not stated,,Early withdrawal may be subject to penalty.,https://www.seacoastbank.com/personal/banking/savings,,2026-10-05
3,57,Climate First Bank,bank,FL,3.21,,no,,59257,,not stated,not stated,,Personal CDs Business CDs Special Promotions 6-Month Penalty-Free CD 4.33% APY 1 Short-term growth with a strong return $500 minimum deposit No penalty for early withdrawals Read More 12-Month Penalty-Free CD 4.15% APY 2 Lock in a great rat,https://www.climatefirstbank.com/,,2026-10-05
3,58,Bank5 Connect (BankFive),bank,MA,3.20,500,no,,23286,,not stated,"Opening an account requires a US Social Security number, according to the institution's own pages.",,Penalty for early withdrawal.,https://www.bank5connect.com/cds,,2026-10-05
3,59,Raymond James Bank,bank,FL,3.15,1000,no,,33893,,not stated,not stated,,There is a substantial penalty for early withdrawal.,https://www.raymondjamesbank.com/deposit-accounts,"Rates effective September 18, 2026 per the bank's deposit page. Minimum $1,000, or $2,000 if bought through a Raymond James brokerage account. Rates by phone at 800.718.2265, option 4, or through an advisor.",2026-10-05
3,60,Alliant Credit Union,credit_union,IL,3.10,75000,no,,,67955,not stated,People living outside the US can join if they have a US Social Security number or an ITIN.,yes (foundation),"If you withdraw funds from an Alliant certificate before the maturity date, you may incur an early withdrawal penalty, per the table below.",https://www.alliantcreditunion.org/bank/credit-union-certificate,,2026-10-05
3,61,Credit Human,credit_union,TX,3.05,500,no,,,24382,not stated,not stated,not stated,0 and up 3.89% 3.96% 36 - 59 months $500.00 and up 3.91% 3.98% 60 - 83 months $500.00 and up 3.93% 4.00% 84 - 119 months $500.00 and up 3.95% 4.02% 120 months $500.00 and up 3.98% 4.05% Disclosures A penalty will be imposed for early withdr,https://credithuman.com/personal/cds/share-certificates/,,2026-09-24
3,62,Security Bank,bank,OK,3.04,,no,,4178,,not stated,not stated,,A penalty may be imposed for early withdrawal from a Certificate of Deposit.,https://www.sbtulsa.bank/Current-Rates,,2026-10-05
3,63,DeMotte State Bank,bank,IN,3.03,2500,no,,15883,,not stated,not stated,,APY represents Annual Percentage Yield A penalty will be imposed for funds withdrawn prior to maturity for all time deposits.,https://www.netdsb.com/rates-fees/,,2026-10-05
3,64,Spring Bank,bank,WI,3.02,,no,,58780,,not stated,not stated,,"Penalties for early withdrawal of principal could reduce earnings, whether earned or not.",https://www.springbankwi.bank/current-deposit-rates,,2026-10-05
3,65,DCU (trade name of First Technology FCU in the NCUA file),credit_union,CA,3.00,,no,,,23521,not stated,not stated,yes (one-time donation),A penalty may be imposed for early withdrawal.,https://www.dcu.org/bank/certificates/regular-certificates.html,,2026-10-05
3,65,Live Oak Bank,bank,NC,3.00,,no,,58665,,not stated,"Accounts are limited to US citizens and US residents, according to the institution's own pages.",,Account Fees: Online Banking Fee: No Charge Monthly Interest Disbursements Fee: No Charge Early Withdrawal Penalties: Early Principal Withdrawal of a CD with a term less than 24 months: 90 Days of Simple Interest Early Principal Withdrawal ,http://www.liveoakbank.com/personal-cd-accounts/?utm_source=vanity-url&utm_term=cd-rates,,2026-10-05
3,65,Nuvision Credit Union,credit_union,CA,3.00,,no,,,566,not stated,not stated,not stated,IRS penalties may apply for early withdrawal.,https://www.nuvisioncu.org/rates/deposit-rates-certificates,,2026-09-24
3,65,Patelco Credit Union,credit_union,CA,3.00,,no,,,68579,not stated,not stated,not stated,"And if you take money out before the end of the specified term, you’ll likely have to pay an early withdrawal penalty.",https://www.patelco.org/financial-wellness/saving-money/what-is-share-certificate,,2026-10-05
6,1,Habib American Bank,bank,NY,4.50,,no,,25093,,"states: NY, NJ, CA","Opening an account requires a US Social Security number, according to the institution's own pages.",,Substantial early withdrawal penalties apply.,https://www.hab.bank/rates,"Online application only for applicants who are at least 18, legal residents of the United States and live in New York, New Jersey or California. It requires a US Social Security number and a government ID other than a passport (read by hand 2026-09-25).",2026-10-05
6,2,Quorum Federal Credit Union,credit_union,NY,4.40,100,no,,,22769,yes,not stated,not stated,A penalty will be imposed if funds are withdrawn prior to maturity date.,https://www.quorumfcu.org/rates,,2026-10-05
6,2,Bank of Deerfield,bank,WI,4.40,500,no,,2477,,not stated,not stated,,", IRAs, and HSA**⁵ Term Minimum to Open Account Minimum Balance to Obtain APY Interest Rate Annual Percentage Yield 25 Month $2,500 $2,500 4.34% 4.39% 36 Month $2,500 $2,500 4.40% 4.45% ¹ Substantial Penalty for Early Withdrawal ² Advertise",https://www.bankofdeerfield.bank/resources/deposit-rates,,2026-10-05
6,4,Raymond James Bank,bank,FL,4.35,1000,no,,33893,,not stated,not stated,,There is a substantial penalty for early withdrawal.,https://www.raymondjamesbank.com/deposit-accounts,"Rates effective September 18, 2026 per the bank's deposit page. Minimum $1,000, or $2,000 if bought through a Raymond James brokerage account. Rates by phone at 800.718.2265, option 4, or through an advisor.",2026-10-05
6,5,Climate First Bank,bank,FL,4.33,,no,penalty-free,59257,,not stated,not stated,,Personal CDs Business CDs Special Promotions 6-Month Penalty-Free CD 4.33% APY 1 Short-term growth with a strong return $500 minimum deposit No penalty for early withdrawals Read More 12-Month Penalty-Free CD 4.15% APY 2 Lock in a great rat,https://www.climatefirstbank.com/cd,,2026-10-05
6,6,NASA Federal Credit Union,credit_union,MD,4.30,1000,no,,,6328,not stated,not stated,not stated,Limitations: Early withdrawal penalties apply and may reduce earnings.,https://www.nasafcu.com/rates-and-fees/checking-savings/share-certificate-rates,,2026-10-05
6,7,Credit Union of Southern California,credit_union,CA,4.25,500,no,,,24983,not stated,not stated,no (local or relative),A penalty may be imposed for early withdrawals.,https://www.cusocal.org/loans/personal/rates/,,2026-10-05
6,7,Ivy Bank (Cambridge Savings Bank),bank,MA,4.25,,no,,17870,,yes,not stated,,Substantial penalties for early withdrawal may be imposed.,https://www.ivybank.com/,,2026-10-05
6,7,Popular Direct,bank,NY,4.25,,no,,34967,,yes,not stated,,A penalty will be imposed for early withdrawal.,https://www.populardirect.com/,,2026-10-05
6,10,BTG Pactual Bank,bank,NY,4.20,500,no,,35154,,yes,The posted CD rate is for US citizens and resident aliens. Residents of Brazil and Chile who are BTG Pactual clients can open a US dollar account held at Regent Bank.,,Early withdrawal penalties may apply (except No-Penalty CDs).,https://www.btgpactual.us/banking/certificates-of-deposit,,2026-10-05
6,10,EagleBank,bank,MD,4.20,,no,,34742,,not stated,not stated,,Penalty for early withdrawal may reduce earnings.,https://www.eaglebankcorp.com/personal-banking/cd/,,2026-10-05
6,10,Pacific National Bank,bank,FL,4.20,,yes,,26299,,not stated,The posted rate is for US customers. A separate international CD is offered at a rate set by a banker.,,Penalties may apply to early withdrawals.,https://www.pnb.com/online-specials,,2026-10-05
6,13,Heritage Bank Minnesota,bank,MN,4.16,250,no,,8865,,not stated,not stated,,"CD & IRA Interest Rates Rates current as of December 18, 2025 TYPE OF PRODUCT MINIMUM DEPOSIT INTEREST RATE Annual Percentage Yield (APY)* EARLY WITHDRAWAL PENALTIES (Minimum $25) 3 Month Fixed CD $250 4.10% 4.16% 91 Days Interest 6 Month F",https://heritagebankmn.com/personal/cds-iras/,,2026-10-05
6,14,First Service Bank,bank,AR,4.15,,no,,18519,,yes,not stated,,Early withdrawal will result in a penalty.,https://firstservicebank.com/cd-account/,,2026-10-05
6,14,Loyal Trust Bank,bank,GA,4.15,,no,,59182,,not stated,not stated,,Early withdrawal penalty may apply.,https://loyaltrustbank.com/wp-content/uploads/2026/08/Aug-3-Rate-Sheet-LTB.pdf,,2026-10-05
6,14,Northeast Bank,bank,ME,4.15,,no,,19690,,yes,not stated,,Early withdrawal penalties may apply.,https://www.northeastbank.com/personal-cds-iras,,2026-10-05
6,17,Synchrony Bank,bank,UT,4.10,0,no,,27314,,not stated,not stated,,% APY * High Yield Savings (HYS) No minimum balance Explore High Yield Savings % APY * Money Market Account (MMA) No minimum balance Explore Money Market Account FAQs View all FAQs Is there an early withdrawal penalty for CDs? Penalty Amoun,https://api.syf.com/v1/retailBank/products?serviceLevel=0000000,,2026-09-24
6,17,Enterprise Bank,bank,NE,4.10,,no,,33380,,not stated,not stated,,Early withdrawal penalties may apply.,https://www.enterprise.bank/personal-banking/account-services/deposit-rates,,2026-10-05
6,17,Live Oak Bank,bank,NC,4.10,,no,,58665,,not stated,"Accounts are limited to US citizens and US residents, according to the institution's own pages.",,Account Fees: Online Banking Fee: No Charge Monthly Interest Disbursements Fee: No Charge Early Withdrawal Penalties: Early Principal Withdrawal of a CD with a term less than 24 months: 90 Days of Simple Interest Early Principal Withdrawal ,http://www.liveoakbank.com/personal-cd-accounts/?utm_source=vanity-url&utm_term=cd-rates,,2026-10-05
6,17,Meade County Bank,bank,KY,4.10,,no,,25173,,not stated,not stated,,A penalty may be imposed for early withdrawal.,https://meadecountybank.com/,,2026-10-05
6,17,Quaint Oak Bank,bank,PA,4.10,,no,,35497,,not stated,not stated,,Certificates of deposit accounts carry a substantial penalty for early withdrawal.,https://www.quaintoak.com/personal-banking/deposit-products/cd-account/2-year-cd/,,2026-10-05
6,22,Farmers and Merchants Bank,bank,NE,4.06,,no,,14275,,yes,not stated,,ates of Deposit Learn More Month Rate APY 3 Month 4.00% 4.06% 6 Month 4.00% 4.06% 12 Month 4.10% 4.16% 24 Month 4.20% 4.27% 36 Month 4.30% 4.37% 48 Month 4.30% 4.37% 60 Month 4.30% 4.37% Penalty with early withdrawal Find Us Contact Us Find,https://www.fmbmilligan.com/services-tools/tools/rates.html,,2026-10-05
6,23,HSBC Bank USA,bank,VA,4.05,1000,no,,57890,,yes,Customers living in the countries it lists can apply.,,A penalty may be imposed for early withdrawal.,https://www.us.hsbc.com/savings-accounts/products/interest-rates/,,2026-10-05
6,23,Rising Bank (Midwest BankCentre),bank,MO,4.05,1000,no,,1058,,yes,not stated,,Penalty for early withdrawal may apply.,https://www.risingbank.com/rates/,,2026-10-05
6,23,Bank of Utah,bank,UT,4.05,,no,,17159,,yes,not stated,,"Ability to Add Funds to Account After Initial Deposit: No Ability to Make Early Withdrawals from Account: Not without penalty How to Open an Account: 3-Month, 6-Month, 1-Year, 2-Year, and all terms 3 years and longer can be opened online ; ",https://www.bankofutah.com/personal/checking-savings/certificate-of-deposit-accounts,,2026-10-05
6,26,The First State Bank of Rosemount,bank,MN,4.04,2500,no,,9769,,not stated,not stated,,36 Month Roth IRA $500 3.00% 3.00% Annual 5 Year Roth IRA $500 3.00% 3.00% Annual † Variable Rate (Rate may be subject to change) * Fees could reduce earnings ** Minimum to earn interest Substantial penalty for early withdrawal of certifica,https://www.fsbrosemount.com/financial-tools/rates,,2026-10-05
6,26,Citizens National Bank of Texas,bank,TX,4.04,,no,,5574,,not stated,not stated,,A penalty may be assessed for early withdrawal.,https://www.cnboftexas.com/,,2026-10-05
6,28,Balboa Thrift and Loan Association,bank,CA,4.03,,no,,26704,,not stated,not stated,,An early withdrawal penalty equal to three (3) months of interest may be imposed for early withdrawals.,https://www.balboathrift.com/deposits/deposit-rates,,2026-10-05
6,29,Washita State Bank,bank,OK,4.01,1000,no,,22430,,not stated,not stated,,**Early Withdrawal Penalties May Apply.,https://www.washitastatebank.com/personal/deposit-rates,,2026-10-05
6,30,Service Credit Union,credit_union,,4.00,250,no,,,,not stated,not stated,not stated,Penalty for early withdrawal.,https://servicecu.org/rates/,,2026-10-05
6,30,Bank5 Connect (BankFive),bank,MA,4.00,500,no,,23286,,not stated,"Opening an account requires a US Social Security number, according to the institution's own pages.",,Penalty for early withdrawal.,https://www.bank5connect.com/cds,,2026-10-05
6,30,JetStream FCU,credit_union,FL,4.00,500,no,,,24718,yes,not stated,no (local),You have seven (7) days after the maturity date to withdraw or transfer the funds without incurring an early withdrawal penalty.,https://jetstreamfcu.org/our-rates/savings-rates,,2026-10-05
6,30,KS StateBank,bank,KS,4.00,500,no,,19899,,yes,"Accounts are limited to US citizens and US residents, according to the institution's own pages.",,You may be charged a substantial penalty for early withdrawals.,https://www.ksstate.bank/resources/deposit-rates,,2026-10-05
6,30,Prime Alliance Bank,bank,UT,4.00,500,no,,57920,,yes,not stated,,Penalties assessed for early withdrawal.,https://www.primealliance.bank/cds-2,,2026-10-05
6,30,The Corner Stone Bank,bank,MO,4.00,1000,no,,9388,,not stated,not stated,,"000 3.20% 3.25% Regular IRAs $100 $0 4.75% 4.75% Roth IRAs $100 $0 4.75% 4.75% Educational IRAs $100 $0 1.25% 1.25% 17 Month Special $1,000 $1,000 4.12% 4.20% *Fees could reduce earnings on accounts *Early withdrawal penalties will or may b",https://www.thecornerstonebank.net/deposits/rates,,2026-10-05
6,30,Bread Savings,bank,UT,4.00,1500,no,,57570,,not stated,not stated,,A penalty will be imposed for early withdrawals on CDs.,https://www.breadfinancial.com/en/bread-savings/certificates-of-deposit.html,,2026-09-24
6,30,Home Savings Bank,bank,UT,4.00,10000,no,,26798,,yes,not stated,,Early withdrawal penalties may apply on Certificate of Deposit accounts.,https://www.hsbutah.com/rates,,2026-10-05
6,30,American Pride Bank,bank,GA,4.00,,no,,58584,,not stated,not stated,,Substantial penalty for early withdrawal.,https://www.americanpride.bank/personal/open-now-cd-rates,,2026-10-05
6,30,Banesco USA,bank,FL,4.00,,no,,57815,,yes,The posted rate is for US customers. A separate international CD is offered at a rate set by a banker.,,"Certificate of Deposit An account that earns a fixed rate of interest for a fixed term Open online $1,000 minimum opening balance No monthly maintenance fee $0.01 minimum balance to earn interest Early withdrawal penalties may apply 9 Zelle",https://banescousa.com/personal/deposits/us/,,2026-10-05
6,30,CIBC Agility,bank,IL,4.00,,no,,33306,,yes,Canadian residents can apply.,,You'll have a 10-day grace period after the maturity date to withdraw your money without paying an early withdrawal fee.,https://us.cibc.com/en/agility/certificates-of-deposit.html,,2026-10-05
6,30,Farmers Insurance FCU,credit_union,CA,4.00,,yes,,,1074,not stated,"Opening an account requires a US Social Security number, according to the institution's own pages.",yes (free American Consumer Council membership),Certificate rates subject to change at any time and are subject to substantial penalties for early withdrawal.,https://figfcu.org/certificates,,2026-10-05
6,30,FinWise Bank,bank,UT,4.00,,no,,35323,,yes,not stated,,‡ An early withdrawal penalty may apply for all Certificates of Deposit.,https://www.finwise.bank/personal-banking/certificate-of-deposit-account/,,2026-10-05
6,30,First National Bank of America,bank,MI,4.00,,no,,17438,,yes,not stated,,A penalty may be imposed for early withdrawal.,https://www.fnba.com/deposit-rates/,,2026-10-05
6,30,Hanscom Federal Credit Union,credit_union,MA,4.00,,no,,,9095,not stated,not stated,not stated,Early withdrawal penalties may apply to certificates.,https://www.hfcu.org/rates/account-rates.html,,2026-10-05
6,30,Newtek Bank,bank,FL,4.00,,no,,18734,,yes,not stated,,Penalties may apply to early withdrawals.,https://www.newtekbank.com/open-account/,,2026-10-05
6,30,One World Bank,bank,TX,4.00,,no,,57901,,not stated,not stated,,A penalty may be imposed for early withdrawal.,https://www.oneworldbank.com/bank-rates/,,2026-10-05
6,47,Bank of the Flint Hills,bank,KS,3.99,,no,,4791,,not stated,not stated,,A penalty may be imposed for early withdrawal.,https://www.bfh.bank/personal/deposit-rates,,2026-10-05
6,48,Marcus by Goldman Sachs,bank,NY,3.95,500,no,,33124,,yes,not stated,,Choose the term that works for you Annual Percentage Yield Minimum Deposit Early Withdrawal Penalty Annual Percentage Yield Minimum Deposit Early Withdrawal Penalty 6 months High-Yield CD 3.95% $500 Yes 9 months High-Yield CD 4.30% $500 Yes,https://www.marcus.com/us/en/savings/high-yield-cds,,2026-10-05
6,48,Mercantile Bank,bank,MI,3.95,,no,,34598,,not stated,not stated,,Subject to early withdrawal pen alty when principal is withdrawn prior to maturity.,https://mercbank.com/personal-banking/cds/merc,,2026-10-05
6,50,Stearns Bank National Association,bank,MN,3.94,500,no,,10988,,not stated,not stated,,3 No penalty may be imposed for early withdrawal.,https://www.stearnsbank.com/personal/cds,,2026-10-05
6,51,First Bank of Central Ohio,bank,OH,3.90,500,no,,59249,,not stated,not stated,,Early withdrawal penalties may apply.* Indicates minimum average balance to keep in account to avoid incursion of fees.,https://www.fbcentralohio.com/rates/,,2026-10-05
6,51,Pathway Bank,bank,NE,3.90,1000,no,,1992,,not stated,not stated,,Substantial Penalty for Early Withdrawal.,https://www.pathwaybank.com/cds-iras-hsas,,2026-10-05
6,51,Bask Bank (Texas Capital Bank),bank,TX,3.90,,no,,34383,,not stated,"Opening an account requires a US Social Security number, according to the institution's own pages.",,Penalty may be imposed for early withdrawal and may reduce earnings.,https://baskbank.com/sites/default/files/Documents/Disclosures/rates-and-fee-schedule.pdf,,2026-10-05
6,51,Beacon Community Bank,bank,SC,3.90,,no,,59106,,not stated,not stated,,A penalty of 5 months interest on the amount withdrawn will be imposed for early withdrawals on terms equal to 5 months.,https://www.beacon.bank/personal/banking/interest-rates,,2026-09-28
6,55,Leighton State Bank,bank,IA,3.89,,no,,10118,,not stated,not stated,,p 3.75% 3.80% Quarterly 4 Year Step 3.50% 3.55% Quarterly 5 Year 3.50% 3.53% Semi-Annually * Annual Percentage Yield (APY) Rates effective 8/24/2026 and subject to change $500 minimum balance for CDs Early withdrawal penalties may apply.,https://leightonbank.com/bank-with-us/personal/cds-iras-and-hsas/,,2026-10-05
6,56,Greater Nevada Credit Union,credit_union,NV,3.88,,no,,,68228,not stated,not stated,no (Nevada),A penalty may be imposed for withdrawals before maturity.,https://www.gncu.org/banking/account-rates/,,2026-10-05
6,57,Ally Bank,bank,UT,3.85,0,no,,57803,,not stated,"Opening an account requires a US Social Security number, according to the institution's own pages.",,"High Yield CD AVAILABLE TERMS 2.8% correct as of 10/01/26 Choose from a variety of terms each offering a competitive, fixed rate Early withdrawal penalty will apply APY is fixed for the term of the CD but subject to change upon renewal No m",https://www.ally.com/bank/cd-rates/,,2026-10-05
6,57,Mountain America Credit Union,credit_union,UT,3.85,500,no,,,24692,not stated,not stated,no (listed states),,https://www.macu.com/rates/certificates,,2026-09-24
6,57,Presidential Bank,bank,MD,3.85,,no,,32363,,no,Nonresident aliens may be able to open an account in person at a branch.,,A penalty is imposed for early withdrawal.,https://www.presidential.com/personal/banking/cds,,2026-10-05
6,60,Citizens Bank & Trust Company,bank,KY,3.84,500,no,,15675,,not stated,not stated,,Penalty may be imposed for early withdrawal.,https://www.cbtky.com/personal/certificate-of-deposit-rates,,2026-10-05
6,61,West Point Bank,bank,KY,3.83,,no,,12166,,not stated,not stated,,The APY assumes interest will remain on deposit until maturity A penalty may be imposed for early withdrawal APY is accurate as of 9/16/2026 Upon maturity this CD will automatically renew into a 9-month CD unless you notify us of your inten,https://westpointbank.com/,,2026-10-05
6,62,Compass Savings Bank,bank,PA,3.82,500,no,,29430,,not stated,not stated,,Months Minimum Balance Rate APY* 6 $500 3.75% 3.82% 12 $500 3.85% 3.92% 18 $500 3.50% 3.56% 24 $500 3.50% 3.56% 36 $500 3.15% 3.20% 60 $500 3.15% 3.20% * Annual Percentage Yield Penalty may apply for early withdrawal and reduce earnings.,https://compassbank.us/savings-rates/,,2026-10-05
6,62,Directions Credit Union,credit_union,OH,3.82,500,no,,,60978,not stated,not stated,no (counties),Penalty for early withdrawal.,https://directionscu.org/personal/save/savings-certificates/checking-savings-rates/,,2026-10-05
6,62,Signal Financial FCU,credit_union,MD,3.82,500,no,,,5571,not stated,not stated,yes (donation),Penalties apply for early withdrawal.,https://www.signalfinancialfcu.org/deposit-rates,,2026-10-05
6,62,The Croghan Colonial Bank,bank,OH,3.82,500,no,,13341,,yes,not stated,,Early withdrawal penalties apply.,https://croghan.bank/resources/rates,,2026-10-05
6,62,Gulf Coast Business Bank,bank,FL,3.82,5000,no,,59281,,not stated,not stated,,Early withdrawal penalties may apply.,https://www.gcbbswfl.com/resources/rates,,2026-10-05
6,62,Merchants Bank of Indiana,bank,IN,3.82,,no,,8056,,not stated,not stated,,026 Choose from the following terms: 12 Month Flex Index CD Open Flex Index CD online Account Details: Minimum balance to open CD is $1000 Must maintain minimum balance of $1000 every day to earn APY Penalty may be imposed for early withdra,https://bankmerchants.com/certificates-of-deposit/,,2026-10-05
6,68,VisionBank,bank,MN,3.81,,no,,58063,,not stated,not stated,,"nth a,c Create Account 4.18% 4.25% 30 Month a,c Create Account 4.18% 4.25% 36 Month a,c Create Account 4.18% 4.25% 48 Month a,c Create Account 4.18% 4.25% 60 Month a,c Create Account 4.18% 4.25% a) A penalty may be imposed for early withdra",https://bankwithvision.com/rates/,,2026-10-05
6,69,Credit Human,credit_union,TX,3.80,500,no,,,24382,not stated,not stated,not stated,0 and up 3.89% 3.96% 36 - 59 months $500.00 and up 3.91% 3.98% 60 - 83 months $500.00 and up 3.93% 4.00% 84 - 119 months $500.00 and up 3.95% 4.02% 120 months $500.00 and up 3.98% 4.05% Disclosures A penalty will be imposed for early withdr,https://credithuman.com/personal/cds/share-certificates/,,2026-09-24
6,69,USALLIANCE Financial,credit_union,NY,3.80,500,no,,,17587,not stated,not stated,not stated,"Dividend Savings Certificate Accounts Certificate Account products (similar to CDs) are available for Individual Retirement Accounts (IRAs), with the exception of the 11 Month Special Certificate (No Early Withdrawal Penalty).",https://www.usalliance.org/about-us/rates/savings-rates,,2026-10-05
6,69,Homewood Federal Savings Bank,bank,MD,3.80,7500,no,,31267,,not stated,not stated,,Member FDIC A penalty may be imposed for early withdrawal on certificates of deposit.,https://www.homewoodfsb.com/deposit-rates/,,2026-10-05
6,69,Customers Bank,bank,PA,3.80,,no,,34444,,yes,not stated,,Penalty for early withdrawal.,https://www.customersbank.com/cds/,,2026-10-05
6,69,ESB Financial,bank,KS,3.80,,no,,16629,,not stated,not stated,,Greater earnings than standard savings Receive higher rates by selecting a longer term Provides more guarantee than other risky investments A wide range of terms available (from 3 months to 5 years) Penalty for early withdrawal FDIC insured,https://www.esbfinancial.com/banking/personal-banking/personal-savings/certificates-of-deposit-cds.html,,2026-10-05
6,74,Longview Community Bank,bank,IL,3.79,5000,no,,11319,,not stated,not stated,,"Penalties for early withdrawal on Certificates of Deposit and IRA’s: Terms of one year and less: 30 days interest forfeiture Terms of 18, 24, 30 & 36 month: 90 days interest forfeiture Terms of 48 & 60 month: 180 days interest forfeiture Pr",https://longviewcb.com/deposit-services/,,2026-10-05
6,75,Air Force Federal Credit Union (Vibrant),credit_union,,3.75,,no,,,,yes,not stated,not stated,out Certificates 6 $300 minimum opening deposit for all regular share and IRA accounts; $5 minimum deposit for youth club members under 18 years of age 7 Fees could reduce earnings on the account 8 A penalty will be imposed for early withdr,https://www.freedomfcu.org/rates/,,2026-10-05
6,75,"BankUnited, National Association",bank,FL,3.75,,no,,58979,,yes,"Opening an account requires a US Social Security number, according to the institution's own pages.",,"Yes, but early withdrawals may be subject to penalties depending on the CD term and account agreement.",https://www.bankunited.com/personal/savings-money-market-and-cd-accounts/certificate-of-deposit-accounts,,2026-10-05
6,75,CIT Bank (First Citizens),bank,NC,3.75,,no,,11063,,not stated,not stated,,"A penalty may be imposed for early withdrawal of principal, and any early withdrawal (principal or interest) will reduce earnings.",https://www.cit.com/,,2026-10-05
6,75,Community First National Bank,bank,KS,3.75,,no,,35585,,not stated,not stated,,A penalty may be imposed for early withdrawal on any CD.,https://www.cfnb.bank/document-center.cfm?fx=DEMKIE6MTPPJJWDD,,2026-10-05
6,75,"First Jackson Bank, Inc.",bank,AL,3.75,,no,,23376,,not stated,not stated,,NOTICE: This account may require a minimum daily balance and/or impose a penalty for early withdrawal.,https://firstjacksonbank.com/rates/,,2026-10-05
6,75,Ohio State Bank,bank,OH,3.75,,no,,59144,,not stated,not stated,,f Deposit 1 Interest Rate APY 13-month 4.17% 4.25% 6-month 3.69% 3.75% 9-month 3.92% 4.00% 12-month 3.69% 3.75% 24-month 1.49% 1.50% 36-month 1.74% 1.75% 48-month 1.83% 1.85% 60-month 1.98% 2.00% 1 A penalty may be imposed for early withdra,https://bankatosb.com/personal-account-rates/,,2026-10-05
6,81,First Pryority Bank,bank,OK,3.70,1000,no,,4185,,not stated,not stated,,Early withdrawal penalties of 12 months apply.,https://pryority.bank/deposit-rates/,,2026-09-28
6,81,State Savings Bank,bank,IA,3.70,2000,no,,248,,not stated,not stated,,Substantial penalty for early withdrawal.,https://www.ssb.bank/personal/current-rates,,2026-10-05
6,81,Phelps County Bank,bank,MO,3.70,,no,,18841,,yes,not stated,,.70% 12 Month CD 3.75% 3.80% 15 Month CD 3.75% 3.80% 18 Month CD 3.80% 3.85% 24 Month CD 3.85% 3.91% 30 Month CD 3.85% 3.91% 36 Month CD 3.90% 3.96% 48 Month CD 3.90% 3.96% 60 Month CD 3.90% 3.96% *A penalty may be imposed for early withdra,https://www.mypcb.com/rates,,2026-10-05
6,84,Rolette State Bank,bank,ND,3.68,2500,no,,9120,,not stated,not stated,,"Contact Us Rates Certificates of Deposit (CDs) Effective January 8, 2026 Penalty may be imposed for early withdrawal.",https://www.rolettestatebank.com/rates/,,2026-10-05
6,85,Northrop Grumman FCU,credit_union,CA,3.66,40000,no,,,24292,not stated,not stated,yes (association),",500 30 Month 3.65% 3.71% $2,500 36 Month 3.75% 3.81% $2,500 48 Month 3.75% 3.81% $2,500 60 Month 3.78% 3.84% $2,500 84 Month 3.30% 3.35% $2,500 Open an Account **A penalty will or may be imposed for early withdrawal *If minimum balance req",https://www.ngfcu.us/rates/savings-rates/certificates,,2026-10-05
6,85,GTE Financial,credit_union,FL,3.66,,no,,,196,not stated,not stated,not stated,While there are no penalties for monthly dividend withdrawals a penalty may be imposed for early withdrawal which could reduce the earnings on the account and/or reduce the principal.,https://www.gtefinancial.org/products/share-certificates,,2026-10-05
6,87,Freedom Bank of Southern Missouri,bank,MO,3.65,250,no,,35276,,not stated,not stated,,"Savings ++ $5 $0 0.40% 0.40% Business Savings ++ $100 $0 - - Tier 1 <$50,000.00 - $0 0.35% - Tier 2 $50,000.00 - $50,000 0.45% - Tier 3 $100,000.00 - $100,000 0.55% - APY = Annual Percentage Yield *A penalty may be imposed for early withdra",https://www.freedombk.com/deposit,,2026-10-05
6,87,Cross River Bank,bank,NJ,3.65,500,no,,58410,,not stated,not stated,,CDs are subject to penalty for early withdrawal.,https://www.crossriver.com/personal-banking,,2026-10-05
6,87,Fidelity Bank of Texas,bank,TX,3.65,1000,no,,21455,,yes,not stated,,,https://www.fbot.bank/Personal/CDs-IRAs/Interest-Rates,,2026-10-05
6,87,Spring Bank,bank,WI,3.65,,no,,58780,,not stated,not stated,,"Penalties for early withdrawal of principal could reduce earnings, whether earned or not.",https://www.springbankwi.bank/current-deposit-rates,,2026-10-05
6,91,BayFirst National Bank,bank,FL,3.64,,no,,34997,,not stated,not stated,,A penalty may be charged for early withdrawal.,https://www.bayfirstfinancial.com/personal/savings-money-market-and-cds/certificates-of-deposit/,,2026-10-05
6,92,First Federal Savings Bank,bank,IN,3.63,2500,no,,29056,,not stated,not stated,,A penalty will be imposed for early withdrawal.,https://www.firstfedsavings.bank/current-rates/,,2026-10-05
6,93,UniBank,bank,WA,3.60,1000,no,,58407,,not stated,not stated,,All certificate of deposits and IRA's are subject to an interest penalty for early withdrawal of principal.,https://www.unibankusa.com/deposit/resources/deposit-rates,,2026-10-05
6,93,Alliant Credit Union,credit_union,IL,3.60,75000,no,,,67955,not stated,People living outside the US can join if they have a US Social Security number or an ITIN.,yes (foundation),"If you withdraw funds from an Alliant certificate before the maturity date, you may incur an early withdrawal penalty, per the table below.",https://www.alliantcreditunion.org/bank/credit-union-certificate,,2026-10-05
6,93,Bradesco Bank,bank,FL,3.60,,no,,21265,,not stated,not stated,,"If funds are withdrawn within six (6) days of the date of deposit, an early withdrawal penalty of seven (7) days’ simple interest on the amount withdrawn will be charged.",https://bradescobank.com/es/certificate-of-deposit-bradesco/,,2026-10-05
6,93,EverBank,bank,FL,3.60,,no,,34775,,yes,not stated,,,https://www.everbank.com/product-selection?referid=31176,,2026-10-05
6,93,First Internet Bank of Indiana,bank,IN,3.60,,no,,34607,,yes,not stated,,Contact Us Learn More Business CD Accounts & Rates Term Interest Rate Annual Percentage Yield (APY) Early Withdrawal Penalties 3-month CD 3.35 % 3.40 % 90 days interest Open Account 6-month CD 3.54 % 3.60 % 180 days interest Open Account 12,https://www.firstib.com/open-account/,,2026-10-05
6,98,Beach Cities Commercial Bank,bank,CA,3.59,2500,no,,59290,,not stated,not stated,,Any withdrawal of principal or interest prior to maturity will reduce overall earnings and trigger an Early Withdrawal Penalty.,https://beachcitiescb.com/Rates/,,2026-10-05
6,98,Sidney Federal Credit Union,credit_union,NY,3.59,,no,,,6011,yes,not stated,no (counties),,https://sfcuonline.org/accounts/share-certificates/,,2026-10-05
6,100,State Bank of Bottineau,bank,ND,3.58,100,no,,9121,,not stated,not stated,,"3.79% a 60 MONTH CD $ 100.00 3.75% 3.79% a, b 21 MONTH RATE WATCH CD $ 2,500.00 3.60% 3.65% a, b 36 MONTH RATE WATCH CD $ 2,500.00 3.65% 3.70% a, b 57 MONTH RATE WATCH CD $ 2,500.00 3.70% 3.75% a) A penalty may be imposed for early withdraw",https://www.statebankofbottineau.com/assets/files/wbJLgSoZ,,2026-10-05
6,100,KodaBank,bank,ND,3.58,1000,no,,8386,,not stated,not stated,,"$25,000 - $99,999* $100,000+* 3.30% 3.40% 3.50% 3.30% 3.40% 3.50% 60 Month: $1,000 - $24,999* $25,000 - $99,999* $100,000+* 3.40% 3.50% 3.60% 3.40% 3.50% 3.60% Rates Effective September 29th, 2026 *A penalty may be imposed for early withdra",https://www.kodabank.com/personal/save-and-spend/cds-and-iras,,2026-10-05
6,102,Putnam County State Bank,bank,MO,3.56,,no,,22895,,not stated,not stated,,,https://www.putnamcountystatebank.com/cd-rates,,2026-10-05
6,103,First Community Credit Union,credit_union,MO,3.55,500,no,,,67619,not stated,"Accounts are limited to US citizens and US residents, according to the institution's own pages.",not stated (employer or association groups),Certificates have substantial penalties for early withdrawal.,https://www.firstcommunity.com/services-tools/tools/rates.html,,2026-10-05
6,103,Security Bank,bank,OK,3.55,,no,,4178,,not stated,not stated,,A penalty may be imposed for early withdrawal from a Certificate of Deposit.,https://www.sbtulsa.bank/Current-Rates,,2026-10-05
6,105,Celtic Bank,bank,UT,3.54,,no,,57056,,not stated,not stated,,"A penalty will be imposed for early withdrawal on all Certificates of Deposit, with few exceptions.",https://www.celticbank.com/saving-cds,,2026-10-05
6,106,Mid-America Bank,bank,KS,3.53,500,no,,17374,,not stated,not stated,,A penalty may be imposed for early withdrawal.,https://www.mid-americabank.com/personal-rates,,2026-10-05
6,106,The Bank of Old Monroe,bank,MO,3.53,,no,,1655,,not stated,not stated,,Certificates of deposit may be subject to penalty for early withdrawal.,https://www.bankofoldmonroe.com/bank-rates/,,2026-10-05
6,108,Great Plains State Bank,bank,NE,3.50,500,no,,14058,,not stated,not stated,,2 Months $500 3.41% 3.45% 15 Months $500 4.09% 4.15% 18 Months $500 3.41% 3.45% 24 Months $500 3.21% 3.25% 36 Months $500 3.21% 3.25% 48 Months $500 3.26% 3.30% 60 Months $500 3.31% 3.35% Substantial penalty will be imposed for early withdr,https://gpsbanks.com/rates/,,2026-10-05
6,108,Home Bank and Trust Company,bank,KS,3.50,1000,no,,4664,,not stated,not stated,,,https://homebank-trust.com/rates/,,2026-10-05
6,108,Chevron Federal Credit Union,credit_union,CA,3.50,,no,,,24326,yes,Chevron employees working outside the US can join. Other applicants need a US Social Security number.,possibly (association),All certificates are subject to an early withdrawal penalty.,https://www.chevronfcu.org/rates/share-certificate,,2026-10-05
6,108,Ocean Bank,bank,FL,3.50,,no,,24156,,yes,Customers living abroad can open a separate international CD at a rate set by a banker.,,There will be a penalty for early withdrawals on CDs.,https://www.oceanbank.com/,,2026-10-05
6,108,Technology Credit Union,credit_union,CA,3.50,,no,,,68383,not stated,not stated,not stated,Penalties will be imposed for early withdrawals.,https://www.techcu.com/Resources/Rates,,2026-10-05
6,113,Central State Bank,bank,IA,3.48,1500,no,,10903,,not stated,not stated,,Early withdrawal penalty fees may apply on Certificates of Deposits 6 to 60 months Savings and NOW Checking Accounts Savings accounts provide a straightforward way to earn interest while maintaining liquidity.,https://www.centralstatebankia.com/personal/rates,,2026-10-05
6,114,"RockPointBank, National Association",bank,TN,3.45,,yes,,59206,,not stated,not stated,,A penalty may be imposed for early withdrawals.,https://www.rockpoint.bank/personal/rockpoint-cd-specials,,2026-10-05
6,115,Great North Bank,bank,WI,3.43,,no,,15146,,not stated,not stated,,Early withdrawal penalties may apply.,https://www.greatnorthbank.com/wp-content/uploads/PDF/OAO-Rate.pdf,,2026-10-05
6,116,First Bank of the Lake,bank,MO,3.35,,no,,26960,,not stated,not stated,,Penalty may be imposed for early withdrawal.,https://www.fblake.bank/rates/,,2026-10-05
6,117,DLP Bank,bank,FL,3.30,,no,,17734,,not stated,not stated,,1 Penalty for early withdrawal may apply.,https://www.dlp.bank/personal/personal-savings/certificates-of-deposit-cds.html,,2026-10-05
6,118,Crews Bank & Trust,bank,FL,3.28,500,no,,8021,,yes,not stated,,A penalty is imposed for early withdrawal from a Time Deposit.,https://www.crews.bank/hubfs/_CBT/PDFs/Deposits%20Rate%20Sheet.pdf,,2026-10-05
6,119,Visions Federal Credit Union,credit_union,NY,3.25,500,no,,,17429,not stated,not stated,not stated,Should the early withdrawal amount during the life of the certificate exceed the original balance the Credit Union will require that the entire balance be withdrawn and subject to penalty.,https://www.visionsfcu.org/rates/ira-rates,,2026-10-05
6,119,Commerce Bank & Trust,bank,FL,3.25,,no,,57429,,not stated,not stated,,²A penalty may be imposed for early withdrawal.,https://cbtfl.com/about-us/rates/,,2026-10-05
6,119,DCU (trade name of First Technology FCU in the NCUA file),credit_union,CA,3.25,,no,,,23521,not stated,not stated,yes (one-time donation),A penalty may be imposed for early withdrawal.,https://www.dcu.org/bank/certificates/regular-certificates.html,,2026-10-05
6,122,First PREMIER Bank,bank,SD,3.20,500,no,,6085,,not stated,not stated,,"% APY 3.35% CD Term 48 to < 60 Months 2,3 Minimum Opening Deposit $500.00 Interest Rate 3.40% APY 3.40% CD Term 60 to < 72 Months 2,3 Minimum Opening Deposit $500.00 Interest Rate 3.45% APY 3.45% 2 A penalty may be imposed for early withdra",https://www.firstpremier.com/en/personal/savings-and-cds/certificates-of-deposit/,,2026-10-05
6,122,Latino Community Credit Union,credit_union,NC,3.20,500,no,,,68430,yes,not stated,not stated,% 3.50% 18 Months $500 3.55% 3.55% 24 Months $500 3.65% 3.65% 36 Months $500 3.70% 3.70% 48 Months $500 3.73% 3.73% 60 Months $500 3.75% 3.75% The Fine Print The important details Account Limitations/Early Withdrawal Penalties.,https://latinoccu.org/products-and-services/savings/certificates-of-deposit/certificates-of-deposit/,,2026-10-05
6,122,Sallie Mae Bank,bank,UT,3.20,2500,no,,58177,,not stated,not stated,,A penalty may be charged for early withdrawal.,https://www.salliemae.com/savings/rate-table/,,2026-10-05
6,122,SECU Maryland,credit_union,MD,3.20,,no,,,66330,not stated,not stated,not stated,Early withdrawal penalties may apply.,https://www.secumd.org/more/open-account/,,2026-10-05
6,126,Justice Federal Credit Union,credit_union,VA,3.16,100000,no,,,151,not stated,not stated,not stated,Certificate is subject to penalty for early withdrawal.,https://www.jfcu.org/rates,,2026-10-05
6,127,"SouthState Bank, National Association",bank,FL,3.15,,no,,33555,,not stated,"Opening an account requires a US Social Security number, according to the institution's own pages.",,Early withdrawal penalties may apply.,https://www.southstatebank.com/personal/bank/interest-rates-for-personal-checking-and-savings,,2026-10-05
6,128,Clinton Bank,bank,KY,3.02,500,no,,304,,not stated,not stated,,"IFICATE OF DEPOSIT $10,000.00 $ 10,000.00 3.10% 3.14% 18 MONTH INDIVIDUAL RETIREMENT ACCOUNT'' $ 500.00 $ 500.00 3.00% 3.03% 30 MONTH INDIVIDUAL RETIREMENT ACCOUNT' $ 500.00 $ 500.00 4.30% 4.37% a) A penalty may be imposed for early withdra",https://www.clintonbankky.com/home/fiFiles/static/documents/weeklydepositrates.pdf,,2026-10-05
6,128,Garden Plain State Bank,bank,KS,3.02,1000,no,,19687,,not stated,not stated,,,https://www.gpsbank.com/deposit-rates,,2026-10-05
6,128,DeMotte State Bank,bank,IN,3.02,2500,no,,15883,,not stated,not stated,,APY represents Annual Percentage Yield A penalty will be imposed for funds withdrawn prior to maturity for all time deposits.,https://www.netdsb.com/rates-fees/,,2026-10-05
6,131,United Republic Bank,bank,NE,3.00,1000,no,,58359,,not stated,not stated,,"$1,000 4.16% 4.25% 15-month Special $1,000 $1,000 4.07% 4.15% Jumbo deposits are negotiable | Bank has the right to limit deposits | All rates listed may change daily ** A penalty may be assessed for early withdrawal.",https://www.unitedrepublic.bank/deposit-rates,,2026-10-05
6,131,United Savings Bank,bank,PA,3.00,1000,no,,28836,,not stated,not stated,,Penalty for early withdrawal.,https://www.unitedsavingsbank.com/certificate-of-deposit/,,2026-10-05
6,131,Commercial State Bank,bank,NE,3.00,,no,,13819,,not stated,not stated,,"% 1.45%** $25,000 - $49,999.99 1.54% 1.55%** $50,000 - and up 1.69% 1.70%** IRA 3.21% 3.25%* Rates may change after a variable account has been opened Certificates of Deposit ($1,000 Minimum Deposit, Penalty for Early Withdrawal) Type of Ac",https://www.wausabank.com/resources/rates,,2026-10-05
6,131,Nuvision Credit Union,credit_union,CA,3.00,,no,,,566,not stated,not stated,not stated,IRS penalties may apply for early withdrawal.,https://www.nuvisioncu.org/rates/deposit-rates-certificates,,2026-09-24
12,1,"United Midwest Savings Bank, National Association",bank,OH,4.75,,no,,32441,,no,not stated,,Penalties for early withdrawal.,https://www.umwsb.com/,"Rate from the homepage banner '6-12 Month CDs with an APY of 4.75% are here!', which carries no date or minimum; the bank's CD rates page showed no rate table when read in a browser on 2026-09-24. The page says new customers must open their first account in person at a branch.",2026-10-05
12,2,Raymond James Bank,bank,FL,4.60,1000,no,,33893,,not stated,not stated,,There is a substantial penalty for early withdrawal.,https://www.raymondjamesbank.com/deposit-accounts,"Rates effective September 18, 2026 per the bank's deposit page. Minimum $1,000, or $2,000 if bought through a Raymond James brokerage account. Rates by phone at 800.718.2265, option 4, or through an advisor.",2026-10-05
12,2,Tower Federal Credit Union,credit_union,MD,4.60,100000,no,,,8333,not stated,not stated,not stated,Withdrawal of the Share Certificate funds before the maturity date will incur an early withdrawal penalty.,https://www.towerfcu.org/rates/deposit-rates,,2026-10-05
12,4,Quorum Federal Credit Union,credit_union,NY,4.50,100,no,,,22769,yes,not stated,not stated,A penalty will be imposed if funds are withdrawn prior to maturity date.,https://www.quorumfcu.org/rates,,2026-10-05
12,4,USALLIANCE Financial,credit_union,NY,4.50,500,yes,,,17587,not stated,not stated,not stated,"Dividend Savings Certificate Accounts Certificate Account products (similar to CDs) are available for Individual Retirement Accounts (IRAs), with the exception of the 11 Month Special Certificate (No Early Withdrawal Penalty).",https://www.usalliance.org/about-us/rates/savings-rates,,2026-10-05
12,4,Habib American Bank,bank,NY,4.50,,no,,25093,,"states: NY, NJ, CA","Opening an account requires a US Social Security number, according to the institution's own pages.",,Substantial early withdrawal penalties apply.,https://www.hab.bank/rates,"Online application only for applicants who are at least 18, legal residents of the United States and live in New York, New Jersey or California. It requires a US Social Security number and a government ID other than a passport (read by hand 2026-09-25).",2026-10-05
12,4,Hanscom Federal Credit Union,credit_union,MA,4.50,,no,,,9095,not stated,not stated,not stated,Early withdrawal penalties may apply to certificates.,https://www.hfcu.org/rates/account-rates.html,,2026-10-05
12,8,BTG Pactual Bank,bank,NY,4.45,500,no,,35154,,yes,The posted CD rate is for US citizens and resident aliens. Residents of Brazil and Chile who are BTG Pactual clients can open a US dollar account held at Regent Bank.,,Early withdrawal penalties may apply (except No-Penalty CDs).,https://www.btgpactual.us/banking/certificates-of-deposit,,2026-10-05
12,8,EagleBank,bank,MD,4.45,,no,,34742,,not stated,not stated,,Penalty for early withdrawal may reduce earnings.,https://www.eaglebankcorp.com/personal-banking/cd/,,2026-10-05
12,10,Marcus by Goldman Sachs,bank,NY,4.40,500,no,,33124,,yes,not stated,,Choose the term that works for you Annual Percentage Yield Minimum Deposit Early Withdrawal Penalty Annual Percentage Yield Minimum Deposit Early Withdrawal Penalty 6 months High-Yield CD 3.95% $500 Yes 9 months High-Yield CD 4.30% $500 Yes,https://www.marcus.com/us/en/savings/high-yield-cds,,2026-10-05
12,10,Popular Direct,bank,NY,4.40,,no,,34967,,yes,not stated,,A penalty will be imposed for early withdrawal.,https://www.populardirect.com/,,2026-10-05
12,12,NASA Federal Credit Union,credit_union,MD,4.35,50,no,,,6328,not stated,not stated,not stated,Limitations: Early withdrawal penalties apply and may reduce earnings.,https://www.nasafcu.com/rates-and-fees/checking-savings/share-certificate-rates,,2026-10-05
12,12,Navy Federal Credit Union,credit_union,VA,4.35,50,yes,,,5536,not stated,not stated,no (military and DoD),Penalties apply for early withdrawals from certificate accounts.,https://www.navyfederal.org/checking-savings/savings/certificates.html,,2026-10-05
12,12,HSBC Bank USA,bank,VA,4.35,1000,no,,57890,,yes,Customers living in the countries it lists can apply.,,A penalty may be imposed for early withdrawal.,https://www.us.hsbc.com/savings-accounts/products/interest-rates/,,2026-10-05
12,12,Bask Bank (Texas Capital Bank),bank,TX,4.35,,no,,34383,,not stated,"Opening an account requires a US Social Security number, according to the institution's own pages.",,Penalty may be imposed for early withdrawal and may reduce earnings.,https://baskbank.com/sites/default/files/Documents/Disclosures/rates-and-fee-schedule.pdf,,2026-10-05
12,12,CIBC Agility,bank,IL,4.35,,yes,,33306,,yes,Canadian residents can apply.,,You'll have a 10-day grace period after the maturity date to withdraw your money without paying an early withdrawal fee.,https://us.cibc.com/en/agility/certificates-of-deposit.html,,2026-10-05
12,12,Pacific National Bank,bank,FL,4.35,,yes,,26299,,not stated,The posted rate is for US customers. A separate international CD is offered at a rate set by a banker.,,Penalties may apply to early withdrawals.,https://www.pnb.com/online-specials,,2026-10-05
12,12,Pibank,bank,FL,4.35,,no,,25258,,yes,"Opening an account requires a US Social Security number, according to the institution's own pages.",,Penalties may apply for early withdrawal of principal before maturity.,https://www.pibank.com/pibank-cd/,,2026-10-05
12,12,"T Bank, National Association",bank,TX,4.35,,no,,57703,,yes,not stated,,CDs & IRAs are subject to a early withdrawal penalty.,https://t.bank/home/current-rates/,,2026-10-05
12,20,CFG Bank,bank,MD,4.30,500,no,,34294,,yes,not stated,,A $500 minimum daily balance is required to obtain the Annual Percentage Yield (APY) * Early withdrawal penalties may apply.,https://www.cfg.bank/personal-banking/personal-deposit-rates/,,2026-10-05
12,20,First Bank of Central Ohio,bank,OH,4.30,500,no,,59249,,not stated,not stated,,Early withdrawal penalties may apply.* Indicates minimum average balance to keep in account to avoid incursion of fees.,https://www.fbcentralohio.com/rates/,,2026-10-05
12,20,Signal Financial FCU,credit_union,MD,4.30,500,no,,,5571,not stated,not stated,yes (donation),Penalties apply for early withdrawal.,https://www.signalfinancialfcu.org/deposit-rates,,2026-10-05
12,20,Sallie Mae Bank,bank,UT,4.30,2500,no,,58177,,not stated,not stated,,A penalty may be charged for early withdrawal.,https://www.salliemae.com/savings/rate-table/,,2026-10-05
12,20,First National Bank of America,bank,MI,4.30,,no,,17438,,yes,not stated,,A penalty may be imposed for early withdrawal.,https://www.fnba.com/deposit-rates/,,2026-10-05
12,20,Live Oak Bank,bank,NC,4.30,,no,,58665,,not stated,"Accounts are limited to US citizens and US residents, according to the institution's own pages.",,Account Fees: Online Banking Fee: No Charge Monthly Interest Disbursements Fee: No Charge Early Withdrawal Penalties: Early Principal Withdrawal of a CD with a term less than 24 months: 90 Days of Simple Interest Early Principal Withdrawal ,http://www.liveoakbank.com/personal-cd-accounts/?utm_source=vanity-url&utm_term=cd-rates,,2026-10-05
12,20,MapleMark Bank,bank,OK,4.30,,no,,3182,,not stated,not stated,,"Early withdrawal penalties may apply, including up to six months of interest.",https://maplemarkbank.com/,,2026-10-05
12,27,Washita State Bank,bank,OK,4.26,1000,no,,22430,,not stated,not stated,,**Early Withdrawal Penalties May Apply.,https://www.washitastatebank.com/personal/deposit-rates,,2026-10-05
12,28,Bank of Deerfield,bank,WI,4.25,500,no,,2477,,not stated,not stated,,", IRAs, and HSA**⁵ Term Minimum to Open Account Minimum Balance to Obtain APY Interest Rate Annual Percentage Yield 25 Month $2,500 $2,500 4.34% 4.39% 36 Month $2,500 $2,500 4.40% 4.45% ¹ Substantial Penalty for Early Withdrawal ² Advertise",https://www.bankofdeerfield.bank/resources/deposit-rates,,2026-10-05
12,28,Prime Alliance Bank,bank,UT,4.25,500,no,,57920,,yes,not stated,,Penalties assessed for early withdrawal.,https://www.primealliance.bank/cds-2,,2026-10-05
12,28,Rising Bank (Midwest BankCentre),bank,MO,4.25,1000,no,,1058,,yes,not stated,,Penalty for early withdrawal may apply.,https://www.risingbank.com/rates/,,2026-10-05
12,28,Bread Savings,bank,UT,4.25,1500,no,,57570,,not stated,not stated,,A penalty will be imposed for early withdrawals on CDs.,https://www.breadfinancial.com/en/bread-savings/certificates-of-deposit.html,,2026-09-24
12,28,Barclays US Online Banking,bank,DE,4.25,,no,,57203,,yes,"Opening an account requires a US Social Security number, according to the institution's own pages.",,"Certain circumstances, like print statement requests and early withdrawal of CDs, may incur fees or penalties.",https://banking.us.barclays/online-cds.html,,2026-10-05
12,28,Chevron Federal Credit Union,credit_union,CA,4.25,,no,,,24326,yes,Chevron employees working outside the US can join. Other applicants need a US Social Security number.,possibly (association),All certificates are subject to an early withdrawal penalty.,https://www.chevronfcu.org/rates/share-certificate,,2026-10-05
12,28,Credit Union of Southern California,credit_union,CA,4.25,,yes,,,24983,not stated,not stated,no (local or relative),A penalty may be imposed for early withdrawals.,https://www.cusocal.org/,,2026-10-05
12,28,Financial Federal Bank,bank,TN,4.25,,no,,31840,,not stated,not stated,,Early withdrawal penalty will apply.,https://www.finfedmem.com/cds,,2026-10-05
12,28,Loyal Trust Bank,bank,GA,4.25,,no,,59182,,not stated,not stated,,Early withdrawal penalty may apply.,https://loyaltrustbank.com/wp-content/uploads/2026/08/Aug-3-Rate-Sheet-LTB.pdf,,2026-10-05
12,28,Northeast Bank,bank,ME,4.25,,no,,19690,,yes,not stated,,Early withdrawal penalties may apply.,https://www.northeastbank.com/personal-cds-iras,,2026-10-05
12,28,Producers Bank & Trust,bank,AR,4.25,,no,,11242,,not stated,not stated,,,https://producers.bank/,,2026-10-05
12,28,Salem Five Direct,bank,MA,4.25,,yes,,23296,,yes,not stated,,onth CD Open the 7-month CD CD Special 4.00% APY 1 12-month CD Open the 12-month CD CD Special 4.25% APY 1 15-month CD Open the 15-month CD CD Special 4.30% APY 1 18-Month CD Open the 18-month CD 1 A penalty will be imposed for premature wi,https://www.salemfivedirect.com/special-cd-promotion/,,2026-10-05
12,28,VisionBank,bank,MN,4.25,,no,,58063,,not stated,not stated,,"nth a,c Create Account 4.18% 4.25% 30 Month a,c Create Account 4.18% 4.25% 36 Month a,c Create Account 4.18% 4.25% 48 Month a,c Create Account 4.18% 4.25% 60 Month a,c Create Account 4.18% 4.25% a) A penalty may be imposed for early withdra",https://bankwithvision.com/rates/,,2026-10-05
12,41,Gulf Coast Business Bank,bank,FL,4.24,5000,no,,59281,,not stated,not stated,,Early withdrawal penalties may apply.,https://www.gcbbswfl.com/resources/rates,,2026-10-05
12,42,"Academy Bank, National Association",bank,MO,4.20,500,no,,19600,,not stated,not stated,,"If not a CD, then should I try a Money Market All 3 * Annual Percentage Yield 1 A penalty may be imposed for early withdrawal.",https://www.academybank.com/personal/save/certificate-of-deposit,,2026-10-05
12,42,Bank of Utah,bank,UT,4.20,,no,,17159,,yes,not stated,,"Ability to Add Funds to Account After Initial Deposit: No Ability to Make Early Withdrawals from Account: Not without penalty How to Open an Account: 3-Month, 6-Month, 1-Year, 2-Year, and all terms 3 years and longer can be opened online ; ",https://www.bankofutah.com/personal/checking-savings/certificate-of-deposit-accounts,,2026-10-05
12,44,Bank of the Flint Hills,bank,KS,4.18,,no,,4791,,not stated,not stated,,A penalty may be imposed for early withdrawal.,https://www.bfh.bank/personal/deposit-rates,,2026-10-05
12,45,Sidney Federal Credit Union,credit_union,NY,4.17,,no,,,6011,yes,not stated,no (counties),,https://sfcuonline.org/accounts/share-certificates/,,2026-10-05
12,46,Farmers and Merchants Bank,bank,NE,4.16,,no,,14275,,yes,not stated,,ates of Deposit Learn More Month Rate APY 3 Month 4.00% 4.06% 6 Month 4.00% 4.06% 12 Month 4.10% 4.16% 24 Month 4.20% 4.27% 36 Month 4.30% 4.37% 48 Month 4.30% 4.37% 60 Month 4.30% 4.37% Penalty with early withdrawal Find Us Contact Us Find,https://www.fmbmilligan.com/services-tools/tools/rates.html,,2026-10-05
12,47,Ally Bank,bank,UT,4.15,0,no,,57803,,not stated,"Opening an account requires a US Social Security number, according to the institution's own pages.",,"High Yield CD AVAILABLE TERMS 2.8% correct as of 10/01/26 Choose from a variety of terms each offering a competitive, fixed rate Early withdrawal penalty will apply APY is fixed for the term of the CD but subject to change upon renewal No m",https://www.ally.com/bank/cd-rates/,,2026-10-05
12,47,Pathway Bank,bank,NE,4.15,1000,no,,1992,,not stated,not stated,,Substantial Penalty for Early Withdrawal.,https://www.pathwaybank.com/cds-iras-hsas,,2026-10-05
12,47,Alliant Credit Union,credit_union,IL,4.15,75000,no,,,67955,not stated,People living outside the US can join if they have a US Social Security number or an ITIN.,yes (foundation),"If you withdraw funds from an Alliant certificate before the maturity date, you may incur an early withdrawal penalty, per the table below.",https://www.alliantcreditunion.org/bank/credit-union-certificate,,2026-10-05
12,47,Climate First Bank,bank,FL,4.15,,no,penalty-free,59257,,not stated,not stated,,Personal CDs Business CDs Special Promotions 6-Month Penalty-Free CD 4.33% APY 1 Short-term growth with a strong return $500 minimum deposit No penalty for early withdrawals Read More 12-Month Penalty-Free CD 4.15% APY 2 Lock in a great rat,https://www.climatefirstbank.com/cd,,2026-10-05
12,47,Enterprise Bank,bank,NE,4.15,,no,,33380,,not stated,not stated,,Early withdrawal penalties may apply.,https://www.enterprise.bank/personal-banking/account-services/deposit-rates,,2026-10-05
12,47,Gala Bank,bank,FL,4.15,,no,,59358,,not stated,not stated,,,https://www.gala.bank/deposits/cds-and-iras,,2026-10-05
12,47,Quaint Oak Bank,bank,PA,4.15,,no,,35497,,not stated,not stated,,Certificates of deposit accounts carry a substantial penalty for early withdrawal.,https://www.quaintoak.com/personal-banking/deposit-products/cd-account/2-year-cd/,,2026-10-05
12,47,State Bank of Texas,bank,TX,4.15,,no,,27074,,not stated,not stated,,Penalty for early withdrawal will apply and will reduce the earnings on the certificate.,https://sbt.bank/,,2026-10-05
12,55,Synchrony Bank,bank,UT,4.10,0,no,,27314,,not stated,not stated,,% APY * High Yield Savings (HYS) No minimum balance Explore High Yield Savings % APY * Money Market Account (MMA) No minimum balance Explore Money Market Account FAQs View all FAQs Is there an early withdrawal penalty for CDs? Penalty Amoun,https://api.syf.com/v1/retailBank/products?serviceLevel=0000000,,2026-09-24
12,55,Service Credit Union,credit_union,,4.10,500,no,,,,not stated,not stated,not stated,Penalty for early withdrawal.,https://servicecu.org/rates/,,2026-10-05
12,55,Banesco USA,bank,FL,4.10,,no,,57815,,yes,The posted rate is for US customers. A separate international CD is offered at a rate set by a banker.,,"Certificate of Deposit An account that earns a fixed rate of interest for a fixed term Open online $1,000 minimum opening balance No monthly maintenance fee $0.01 minimum balance to earn interest Early withdrawal penalties may apply 9 Zelle",https://banescousa.com/personal/deposits/us/,,2026-10-05
12,55,Newtek Bank,bank,FL,4.10,,no,,18734,,yes,not stated,,Penalties may apply to early withdrawals.,https://www.newtekbank.com/open-account/,,2026-10-05
12,59,Balboa Thrift and Loan Association,bank,CA,4.08,,no,,26704,,not stated,not stated,,An early withdrawal penalty equal to three (3) months of interest may be imposed for early withdrawals.,https://www.balboathrift.com/deposits/deposit-rates,,2026-10-05
12,59,Merchants Bank of Indiana,bank,IN,4.08,,no,flex,8056,,not stated,not stated,,026 Choose from the following terms: 12 Month Flex Index CD Open Flex Index CD online Account Details: Minimum balance to open CD is $1000 Must maintain minimum balance of $1000 every day to earn APY Penalty may be imposed for early withdra,https://bankmerchants.com/certificates-of-deposit/,,2026-10-05
12,61,Directions Credit Union,credit_union,OH,4.07,100,no,,,60978,not stated,not stated,no (counties),Penalty for early withdrawal.,https://directionscu.org/personal/save/savings-certificates/checking-savings-rates/,,2026-10-05
12,61,Beach Cities Commercial Bank,bank,CA,4.07,2500,no,,59290,,not stated,not stated,,Any withdrawal of principal or interest prior to maturity will reduce overall earnings and trigger an Early Withdrawal Penalty.,https://beachcitiescb.com/Rates/,,2026-10-05
12,61,Community Commerce Bank,bank,CA,4.07,,no,,26363,,not stated,not stated,,4 Substantial penalty for early withdrawal.,https://ccombank.com/deposits/,,2026-10-05
12,61,Putnam County State Bank,bank,MO,4.07,,no,,22895,,not stated,not stated,,,https://www.putnamcountystatebank.com/cd-rates,,2026-10-05
12,65,Freedom Bank of Southern Missouri,bank,MO,4.06,250,no,,35276,,not stated,not stated,,"Savings ++ $5 $0 0.40% 0.40% Business Savings ++ $100 $0 - - Tier 1 <$50,000.00 - $0 0.35% - Tier 2 $50,000.00 - $50,000 0.45% - Tier 3 $100,000.00 - $100,000 0.55% - APY = Annual Percentage Yield *A penalty may be imposed for early withdra",https://www.freedombk.com/deposit,,2026-10-05
12,66,The Corner Stone Bank,bank,MO,4.05,1000,no,,9388,,not stated,not stated,,"000 3.20% 3.25% Regular IRAs $100 $0 4.75% 4.75% Roth IRAs $100 $0 4.75% 4.75% Educational IRAs $100 $0 1.25% 1.25% 17 Month Special $1,000 $1,000 4.12% 4.20% *Fees could reduce earnings on accounts *Early withdrawal penalties will or may b",https://www.thecornerstonebank.net/deposits/rates,,2026-10-05
12,66,Access Bank,bank,NE,4.05,,yes,,58727,,not stated,not stated,,penalty may be imposed for early withdrawal.,https://www.accessbank.com/for-you/accounts/interest-rates,,2026-10-05
12,68,Leighton State Bank,bank,IA,4.04,,no,,10118,,not stated,not stated,,p 3.75% 3.80% Quarterly 4 Year Step 3.50% 3.55% Quarterly 5 Year 3.50% 3.53% Semi-Annually * Annual Percentage Yield (APY) Rates effective 8/24/2026 and subject to change $500 minimum balance for CDs Early withdrawal penalties may apply.,https://leightonbank.com/bank-with-us/personal/cds-iras-and-hsas/,,2026-10-05
12,69,Northrop Grumman FCU,credit_union,CA,4.02,40000,no,,,24292,not stated,not stated,yes (association),",500 30 Month 3.65% 3.71% $2,500 36 Month 3.75% 3.81% $2,500 48 Month 3.75% 3.81% $2,500 60 Month 3.78% 3.84% $2,500 84 Month 3.30% 3.35% $2,500 Open an Account **A penalty will or may be imposed for early withdrawal *If minimum balance req",https://www.ngfcu.us/rates/savings-rates/certificates,,2026-10-05
12,70,One American Bank,bank,SD,4.01,,no,,6078,,not stated,not stated,,Substantial penalty for early withdrawal.,https://oneamericanbank.com/rate/cd,,2026-10-05
12,71,Bank5 Connect (BankFive),bank,MA,4.00,500,no,,23286,,not stated,"Opening an account requires a US Social Security number, according to the institution's own pages.",,Penalty for early withdrawal.,https://www.bank5connect.com/cds,,2026-10-05
12,71,Citizens Bank & Trust Company,bank,KY,4.00,500,no,,15675,,not stated,not stated,,Penalty may be imposed for early withdrawal.,https://www.cbtky.com/personal/certificate-of-deposit-rates,,2026-10-05
12,71,First Community Credit Union,credit_union,MO,4.00,500,no,,,67619,not stated,"Accounts are limited to US citizens and US residents, according to the institution's own pages.",not stated (employer or association groups),Certificates have substantial penalties for early withdrawal.,https://www.firstcommunity.com/services-tools/tools/rates.html,,2026-10-05
12,71,JetStream FCU,credit_union,FL,4.00,500,no,,,24718,yes,not stated,no (local),You have seven (7) days after the maturity date to withdraw or transfer the funds without incurring an early withdrawal penalty.,https://jetstreamfcu.org/our-rates/savings-rates,,2026-10-05
12,71,Legacy Bank,bank,CA,4.00,1000,no,,59204,,yes,not stated,,An early withdrawal penalty will be imposed.,https://www.legacybankca.com/personal/online-account-opening-rates,,2026-10-05
12,71,Home Savings Bank,bank,UT,4.00,10000,no,,26798,,yes,not stated,,Early withdrawal penalties may apply on Certificate of Deposit accounts.,https://www.hsbutah.com/rates,,2026-10-05
12,71,American Pride Bank,bank,GA,4.00,,no,,58584,,not stated,not stated,,Substantial penalty for early withdrawal.,https://www.americanpride.bank/personal/open-now-cd-rates,,2026-10-05
12,71,"Community Bank & Trust, Waco, Texas",bank,TX,4.00,,yes,,17108,,not stated,not stated,,Penalty for early withdrawals.,https://www.cbtwaco.bank/special-rate,,2026-10-05
12,71,FinWise Bank,bank,UT,4.00,,no,,35323,,yes,not stated,,‡ An early withdrawal penalty may apply for all Certificates of Deposit.,https://www.finwise.bank/wp-content/uploads/2026/04/Online-FW-Savings-Certificate-of-Deposit-Rates-04-10-2026.pdf,,2026-10-05
12,71,First Internet Bank of Indiana,bank,IN,4.00,,no,,34607,,yes,not stated,,Contact Us Learn More Business CD Accounts & Rates Term Interest Rate Annual Percentage Yield (APY) Early Withdrawal Penalties 3-month CD 3.35 % 3.40 % 90 days interest Open Account 6-month CD 3.54 % 3.60 % 180 days interest Open Account 12,https://www.firstib.com/open-account/,,2026-10-05
12,71,Technology Credit Union,credit_union,CA,4.00,,no,,,68383,not stated,not stated,not stated,Penalties will be imposed for early withdrawals.,https://www.techcu.com/Resources/Rates,,2026-10-05
12,82,Heritage Bank Minnesota,bank,MN,3.96,250,no,,8865,,not stated,not stated,,"CD & IRA Interest Rates Rates current as of December 18, 2025 TYPE OF PRODUCT MINIMUM DEPOSIT INTEREST RATE Annual Percentage Yield (APY)* EARLY WITHDRAWAL PENALTIES (Minimum $25) 3 Month Fixed CD $250 4.10% 4.16% 91 Days Interest 6 Month F",https://heritagebankmn.com/personal/cds-iras/,,2026-10-05
12,82,State Savings Bank,bank,IA,3.96,2000,no,,248,,not stated,not stated,,Substantial penalty for early withdrawal.,https://www.ssb.bank/personal/current-rates,,2026-10-05
12,84,Credit Human,credit_union,TX,3.95,500,no,,,24382,not stated,not stated,not stated,0 and up 3.89% 3.96% 36 - 59 months $500.00 and up 3.91% 3.98% 60 - 83 months $500.00 and up 3.93% 4.00% 84 - 119 months $500.00 and up 3.95% 4.02% 120 months $500.00 and up 3.98% 4.05% Disclosures A penalty will be imposed for early withdr,https://credithuman.com/personal/cds/share-certificates/,,2026-09-24
12,84,KS StateBank,bank,KS,3.95,500,no,,19899,,yes,"Accounts are limited to US citizens and US residents, according to the institution's own pages.",,You may be charged a substantial penalty for early withdrawals.,https://www.ksstate.bank/resources/deposit-rates,,2026-10-05
12,84,"BankUnited, National Association",bank,FL,3.95,,no,,58979,,yes,"Opening an account requires a US Social Security number, according to the institution's own pages.",,"Yes, but early withdrawals may be subject to penalties depending on the CD term and account agreement.",https://www.bankunited.com/personal/savings-money-market-and-cd-accounts/certificate-of-deposit-accounts,,2026-10-05
12,87,Compass Savings Bank,bank,PA,3.92,500,no,,29430,,not stated,not stated,,Months Minimum Balance Rate APY* 6 $500 3.75% 3.82% 12 $500 3.85% 3.92% 18 $500 3.50% 3.56% 24 $500 3.50% 3.56% 36 $500 3.15% 3.20% 60 $500 3.15% 3.20% * Annual Percentage Yield Penalty may apply for early withdrawal and reduce earnings.,https://compassbank.us/savings-rates/,,2026-10-05
12,88,Beacon Community Bank,bank,SC,3.91,,no,,59106,,not stated,not stated,,A penalty of 5 months interest on the amount withdrawn will be imposed for early withdrawals on terms equal to 5 months.,https://www.beacon.bank/personal/banking/interest-rates,,2026-09-28
12,89,Mountain America Credit Union,credit_union,UT,3.90,500,no,,,24692,not stated,not stated,no (listed states),,https://www.macu.com/rates/certificates,,2026-09-24
12,89,Twin Cedars Bank,bank,IA,3.90,500,no,,1556,,yes,not stated,,Early withdrawal penalties may apply.,https://www.twincedars.bank/bank-account-rate-sheet,,2026-10-05
12,89,Celtic Bank,bank,UT,3.90,,no,,57056,,not stated,not stated,,"A penalty will be imposed for early withdrawal on all Certificates of Deposit, with few exceptions.",https://www.celticbank.com/saving-cds,,2026-10-05
12,89,Community First National Bank,bank,KS,3.90,,no,,35585,,not stated,not stated,,A penalty may be imposed for early withdrawal on any CD.,https://www.cfnb.bank/document-center.cfm?fx=DEMKIE6MTPPJJWDD,,2026-10-05
12,93,Greater Nevada Credit Union,credit_union,NV,3.88,,no,,,68228,not stated,not stated,no (Nevada),A penalty may be imposed for withdrawals before maturity.,https://www.gncu.org/banking/account-rates/,,2026-10-05
12,94,Freedom Bank,bank,NJ,3.85,500,yes,,58712,,not stated,not stated,,Early withdrawal penalties may apply.,https://www.fbnj.com/deposit-rates/,,2026-10-05
12,94,Stearns Bank National Association,bank,MN,3.85,500,no,,10988,,not stated,not stated,,3 No penalty may be imposed for early withdrawal.,https://www.stearnsbank.com/personal/cds,,2026-10-05
12,94,Ent Credit Union,credit_union,,3.85,,no,,,,not stated,not stated,not stated,Individual Retirement Account (IRA) Annual contribution limits apply and penalties may apply for early withdrawal.,https://www.ent.com/rates/,,2026-10-05
12,94,Mercantile Bank,bank,MI,3.85,,no,,34598,,not stated,not stated,,Subject to early withdrawal pen alty when principal is withdrawn prior to maturity.,https://mercbank.com/personal-banking/cds/merc,,2026-10-05
12,98,Spring Bank,bank,WI,3.84,,no,,58780,,not stated,not stated,,"Penalties for early withdrawal of principal could reduce earnings, whether earned or not.",https://www.springbankwi.bank/current-deposit-rates,,2026-10-05
12,99,The Croghan Colonial Bank,bank,OH,3.82,500,no,,13341,,yes,not stated,,Early withdrawal penalties apply.,https://croghan.bank/resources/rates,,2026-10-05
12,99,Citizens National Bank of Texas,bank,TX,3.82,,no,,5574,,not stated,not stated,,A penalty may be assessed for early withdrawal.,https://www.cnboftexas.com/,,2026-10-05
12,99,GTE Financial,credit_union,FL,3.82,,no,,,196,not stated,not stated,not stated,While there are no penalties for monthly dividend withdrawals a penalty may be imposed for early withdrawal which could reduce the earnings on the account and/or reduce the principal.,https://www.gtefinancial.org/products/share-certificates,,2026-10-05
12,99,Plains State Bank,bank,TX,3.82,,no,,17739,,not stated,not stated,,A penalty may be imposed for early withdrawal.,https://psbplains.com/personal/cd-money-market-offers/,,2026-10-05
12,103,Homewood Federal Savings Bank,bank,MD,3.80,500,no,,31267,,not stated,not stated,,Member FDIC A penalty may be imposed for early withdrawal on certificates of deposit.,https://www.homewoodfsb.com/deposit-rates/,,2026-10-05
12,103,Garden Plain State Bank,bank,KS,3.80,1000,no,,19687,,not stated,not stated,,,https://www.gpsbank.com/deposit-rates,,2026-10-05
12,103,Andrews Federal Credit Union,credit_union,MD,3.80,10000,no,,,5754,yes,not stated,yes (free American Consumer Council membership),Penalties apply for early withdrawal.,https://www.andrewsfcu.org/rates,,2026-10-05
12,103,Phelps County Bank,bank,MO,3.80,,no,,18841,,yes,not stated,,.70% 12 Month CD 3.75% 3.80% 15 Month CD 3.75% 3.80% 18 Month CD 3.80% 3.85% 24 Month CD 3.85% 3.91% 30 Month CD 3.85% 3.91% 36 Month CD 3.90% 3.96% 48 Month CD 3.90% 3.96% 60 Month CD 3.90% 3.96% *A penalty may be imposed for early withdra,https://www.mypcb.com/rates,,2026-10-05
12,107,Lafayette Federal Credit Union,credit_union,MD,3.76,500,no,,,619,not stated,not stated,no (MD DC VA only for the ACC route),to Earn APY 2 Dividend APY 2 1 Early withdrawal penalties may apply.,https://www.lfcu.org/personal/certificates/,,2026-10-05
12,108,Home Bank and Trust Company,bank,KS,3.75,1000,no,,4664,,not stated,not stated,,,https://homebank-trust.com/rates/,,2026-10-05
12,108,Commerce Bank & Trust,bank,FL,3.75,,no,,57429,,not stated,not stated,,²A penalty may be imposed for early withdrawal.,https://cbtfl.com/about-us/rates/,,2026-10-05
12,108,"First Jackson Bank, Inc.",bank,AL,3.75,,no,,23376,,not stated,not stated,,NOTICE: This account may require a minimum daily balance and/or impose a penalty for early withdrawal.,https://firstjacksonbank.com/rates/,,2026-10-05
12,108,Ohio State Bank,bank,OH,3.75,,no,,59144,,not stated,not stated,,f Deposit 1 Interest Rate APY 13-month 4.17% 4.25% 6-month 3.69% 3.75% 9-month 3.92% 4.00% 12-month 3.69% 3.75% 24-month 1.49% 1.50% 36-month 1.74% 1.75% 48-month 1.83% 1.85% 60-month 1.98% 2.00% 1 A penalty may be imposed for early withdra,https://bankatosb.com/personal-account-rates/,,2026-10-05
12,108,Presidential Bank,bank,MD,3.75,,no,,32363,,no,Nonresident aliens may be able to open an account in person at a branch.,,A penalty is imposed for early withdrawal.,https://www.presidential.com/personal/banking/cds,,2026-10-05
12,108,Seacoast National Bank,bank,FL,3.75,,no,,131,,yes,not stated,,Early withdrawal may be subject to penalty.,https://www.seacoastbank.com/personal/banking/savings,,2026-10-05
12,108,Seattle Bank,bank,WA,3.75,,no,,35139,,yes,not stated,,Penalty assessed for early withdrawal.,https://www.seattlebank.com/personal/personal-banking/certificates-of-deposit-cd.html,,2026-10-05
12,115,The First State Bank of Rosemount,bank,MN,3.74,500,no,,9769,,not stated,not stated,,36 Month Roth IRA $500 3.00% 3.00% Annual 5 Year Roth IRA $500 3.00% 3.00% Annual † Variable Rate (Rate may be subject to change) * Fees could reduce earnings ** Minimum to earn interest Substantial penalty for early withdrawal of certifica,https://www.fsbrosemount.com/financial-tools/rates,,2026-10-05
12,116,First Federal Savings Bank,bank,IN,3.73,500,no,,29056,,not stated,not stated,,A penalty will be imposed for early withdrawal.,https://www.firstfedsavings.bank/current-rates/,,2026-10-05
12,117,Clinton Bank,bank,KY,3.70,10000,yes,,304,,not stated,not stated,,"IFICATE OF DEPOSIT $10,000.00 $ 10,000.00 3.10% 3.14% 18 MONTH INDIVIDUAL RETIREMENT ACCOUNT'' $ 500.00 $ 500.00 3.00% 3.03% 30 MONTH INDIVIDUAL RETIREMENT ACCOUNT' $ 500.00 $ 500.00 4.30% 4.37% a) A penalty may be imposed for early withdra",https://www.clintonbankky.com/home/fiFiles/static/documents/weeklydepositrates.pdf,,2026-10-05
12,117,First State Bank of Bigfork,bank,MN,3.70,45000,no,,10991,,yes,not stated,,1 Penalty of 30 days interest is imposed on early withdrawal.,https://www.fsbbigfork.com/services-tools/helpful-tools/rates.html,,2026-10-05
12,119,State Bank of Bottineau,bank,ND,3.68,100,no,,9121,,not stated,not stated,,"3.79% a 60 MONTH CD $ 100.00 3.75% 3.79% a, b 21 MONTH RATE WATCH CD $ 2,500.00 3.60% 3.65% a, b 36 MONTH RATE WATCH CD $ 2,500.00 3.65% 3.70% a, b 57 MONTH RATE WATCH CD $ 2,500.00 3.70% 3.75% a) A penalty may be imposed for early withdraw",https://www.statebankofbottineau.com/assets/files/wbJLgSoZ,,2026-10-05
12,119,Rolette State Bank,bank,ND,3.68,500,no,,9120,,not stated,not stated,,"Contact Us Rates Certificates of Deposit (CDs) Effective January 8, 2026 Penalty may be imposed for early withdrawal.",https://www.rolettestatebank.com/rates/,,2026-10-05
12,121,Forbright Bank,bank,MD,3.65,1000,no,,57614,,not stated,not stated,,Early withdrawal penalties apply to all Certificates of Deposit.,https://www.forbrightbank.com/personal-banking/growth-cd/,,2026-10-05
12,121,SECU Maryland,credit_union,MD,3.65,,no,,,66330,not stated,not stated,not stated,Early withdrawal penalties may apply.,https://www.secumd.org/personal/banking/savings/cds/,,2026-10-05
12,123,Georgia's Own Credit Union,credit_union,GA,3.62,500,no,,,67390,yes,"Opening an account requires a US Social Security number, according to the institution's own pages.",no (counties or family),Partial balance withdrawals are subject to an early withdrawal penalty.,https://www.georgiasown.org/rates/rates,,2026-10-05
12,124,Stryv Bank,bank,KS,3.60,100,no,,21955,,not stated,not stated,,A penalty may be imposed for early withdrawal.,https://stryvbank.com/personal/individual-retirement-accounts-iras,,2026-10-05
12,124,Visions Federal Credit Union,credit_union,NY,3.60,500,no,,,17429,not stated,not stated,not stated,Should the early withdrawal amount during the life of the certificate exceed the original balance the Credit Union will require that the entire balance be withdrawn and subject to penalty.,https://www.visionsfcu.org/rates/ira-rates,,2026-10-05
12,124,UniBank,bank,WA,3.60,1000,no,,58407,,not stated,not stated,,All certificate of deposits and IRA's are subject to an interest penalty for early withdrawal of principal.,https://www.unibankusa.com/deposit/resources/deposit-rates,,2026-10-05
12,127,Central State Bank,bank,IA,3.58,1500,no,,10903,,not stated,not stated,,Early withdrawal penalty fees may apply on Certificates of Deposits 6 to 60 months Savings and NOW Checking Accounts Savings accounts provide a straightforward way to earn interest while maintaining liquidity.,https://www.centralstatebankia.com/personal/rates,,2026-10-05
12,128,First Bank,bank,FL,3.56,2500,no,,9620,,not stated,not stated,,"the Team Details CDARS Rates Calculator Fixed rates, higher than standard savings Provides more guarantee than risky investments Set aside for future savings goals No setup or monthly service charges Early withdrawals subject to penalty $2,",https://www.first1bank.com/personal/personal-savings/certificates-of-deposit-cds.html,,2026-10-05
12,129,Crews Bank & Trust,bank,FL,3.55,500,no,,8021,,yes,not stated,,A penalty is imposed for early withdrawal from a Time Deposit.,https://www.crews.bank/hubfs/_CBT/PDFs/Deposits%20Rate%20Sheet.pdf,,2026-10-05
12,129,First Pryority Bank,bank,OK,3.55,1000,no,,4185,,not stated,not stated,,Early withdrawal penalties of 12 months apply.,https://pryority.bank/deposit-rates/,,2026-09-28
12,131,Great North Bank,bank,WI,3.53,,no,,15146,,not stated,not stated,,Early withdrawal penalties may apply.,https://www.greatnorthbank.com/wp-content/uploads/PDF/OAO-Rate.pdf,,2026-10-05
12,132,American Express National Bank,bank,UT,3.50,0,no,,27471,,not stated,not stated,,rawn with no penalty  -  great for unexpected challenges Explore HYSA Certificate of Deposit Account Know exactly how much your investment will earn A fixed APY protects you from falling interest rates Early withdrawal fee helps reinforce a,https://www.americanexpress.com/en-us/banking/online-savings/cd/,,2026-09-24
12,132,Cross River Bank,bank,NJ,3.50,500,no,,58410,,not stated,not stated,,CDs are subject to penalty for early withdrawal.,https://www.crossriver.com/personal-banking,,2026-10-05
12,132,Latino Community Credit Union,credit_union,NC,3.50,500,no,,,68430,yes,not stated,not stated,% 3.50% 18 Months $500 3.55% 3.55% 24 Months $500 3.65% 3.65% 36 Months $500 3.70% 3.70% 48 Months $500 3.73% 3.73% 60 Months $500 3.75% 3.75% The Fine Print The important details Account Limitations/Early Withdrawal Penalties.,https://latinoccu.org/products-and-services/savings/certificates-of-deposit/certificates-of-deposit/,,2026-10-05
12,132,Ponce Bank,bank,NY,3.50,1000,no,,31189,,not stated,not stated,,A penalty may be imposed for withdrawals before maturity on CDs.,https://www.poncebank.com/rates,,2026-10-05
12,132,BankPurely (Washington Federal Bank),bank,WA,3.50,,no,,28088,,yes,not stated,,A penalty may be imposed for early withdrawal on CDs.,https://www.bankpurely.com/purely-cds/,,2026-10-05
12,132,Bradesco Bank,bank,FL,3.50,,no,,21265,,not stated,not stated,,"If funds are withdrawn within six (6) days of the date of deposit, an early withdrawal penalty of seven (7) days’ simple interest on the amount withdrawn will be charged.",https://bradescobank.com/es/certificate-of-deposit-bradesco/,,2026-10-05
12,132,DCU (trade name of First Technology FCU in the NCUA file),credit_union,CA,3.50,,no,,,23521,not stated,not stated,yes (one-time donation),A penalty may be imposed for early withdrawal.,https://www.dcu.org/bank/certificates/regular-certificates.html,,2026-10-05
12,132,EverBank,bank,FL,3.50,,no,,34775,,yes,not stated,,,https://www.everbank.com/product-selection?referid=31176,,2026-10-05
12,132,"Happen Bank, National Association",bank,UT,3.50,,no,,32551,,yes,not stated,,"Monthly withdrawals of earned interest are permitted, however any withdrawals of principal balances would only be allowed at the banks discretion and may incur early withdrawal fees.",https://www.happen.com/personal-banking/savings/certificate-of-deposit,,2026-10-05
12,141,BayFirst National Bank,bank,FL,3.49,,no,,34997,,not stated,not stated,,A penalty may be charged for early withdrawal.,https://www.bayfirstfinancial.com/personal/savings-money-market-and-cds/certificates-of-deposit/,,2026-10-05
12,141,Security Bank,bank,OK,3.49,,no,,4178,,not stated,not stated,,A penalty may be imposed for early withdrawal from a Certificate of Deposit.,https://www.sbtulsa.bank/Current-Rates,,2026-10-05
12,143,Great Plains State Bank,bank,NE,3.45,500,no,,14058,,not stated,not stated,,2 Months $500 3.41% 3.45% 15 Months $500 4.09% 4.15% 18 Months $500 3.41% 3.45% 24 Months $500 3.21% 3.25% 36 Months $500 3.21% 3.25% 48 Months $500 3.26% 3.30% 60 Months $500 3.31% 3.35% Substantial penalty will be imposed for early withdr,https://gpsbanks.com/rates/,,2026-10-05
12,144,Nuvision Credit Union,credit_union,CA,3.40,,no,,,566,not stated,not stated,not stated,IRS penalties may apply for early withdrawal.,https://www.nuvisioncu.org/rates/deposit-rates-certificates,,2026-09-24
12,145,First Bank of the Lake,bank,MO,3.35,,no,,26960,,not stated,not stated,,Penalty may be imposed for early withdrawal.,https://www.fblake.bank/rates/,,2026-10-05
12,146,Justice Federal Credit Union,credit_union,VA,3.31,100000,no,,,151,not stated,not stated,not stated,Certificate is subject to penalty for early withdrawal.,https://www.jfcu.org/rates,,2026-10-05
12,147,KodaBank,bank,ND,3.30,1000,no,,8386,,not stated,not stated,,"$25,000 - $99,999* $100,000+* 3.30% 3.40% 3.50% 3.30% 3.40% 3.50% 60 Month: $1,000 - $24,999* $25,000 - $99,999* $100,000+* 3.40% 3.50% 3.60% 3.40% 3.50% 3.60% Rates Effective September 29th, 2026 *A penalty may be imposed for early withdra",https://www.kodabank.com/personal/save-and-spend/cds-and-iras,,2026-10-05
12,148,The Bank of Old Monroe,bank,MO,3.28,,no,,1655,,not stated,not stated,,Certificates of deposit may be subject to penalty for early withdrawal.,https://www.bankofoldmonroe.com/bank-rates/,,2026-10-05
12,149,First PREMIER Bank,bank,SD,3.25,500,no,,6085,,not stated,not stated,,"% APY 3.35% CD Term 48 to < 60 Months 2,3 Minimum Opening Deposit $500.00 Interest Rate 3.40% APY 3.40% CD Term 60 to < 72 Months 2,3 Minimum Opening Deposit $500.00 Interest Rate 3.45% APY 3.45% 2 A penalty may be imposed for early withdra",https://www.firstpremier.com/en/personal/savings-and-cds/certificates-of-deposit/,,2026-10-05
12,149,Affinity Federal Credit Union,credit_union,NJ,3.25,,no,,,857,yes,not stated,yes (donation),We will impose an early withdrawal penalty of at least seven (7) days’ simple interest if funds are withdrawn within six days of the date of deposit or within six days of the date of the immediately preceding partial withdrawal.,https://www.affinityfcu.com/about-us/rates,,2026-10-05
12,149,"Amerant Bank, National Association",bank,FL,3.25,,no,,22953,,not stated,The posted rate is for US customers. A separate international CD is offered at a rate set by a banker.,,Early withdrawal penalties apply.,https://www.amerantbank.com/products/personal/personal-savings/ira-cd/,,2026-10-05
12,149,Citizens Access,bank,RI,3.25,,no,,57957,,not stated,not stated,,,https://www.secure.citizensaccess.com/Citizens/customer-service/rate-sheet,,2026-09-24
12,149,Farmers Insurance FCU,credit_union,CA,3.25,,no,,,1074,not stated,"Opening an account requires a US Social Security number, according to the institution's own pages.",yes (free American Consumer Council membership),Certificate rates subject to change at any time and are subject to substantial penalties for early withdrawal.,https://figfcu.org/certificates,,2026-10-05
12,149,Truist Bank,bank,NC,3.25,,no,,9846,,yes,"Accounts are limited to US citizens and US residents, according to the institution's own pages.",,"Withdrawal Transaction Limitations If applicable, a penalty will be imposed for early withdrawals that may result in reduction of principal if accrued interest is not sufficient to cover the penalty.",https://www.truist.com/savings/certificate-of-deposit,,2026-10-05
12,155,Kinecta Federal Credit Union,credit_union,CA,3.20,,no,,,4142,not stated,not stated,not stated,There is a substantial penalty for early withdrawal of certificate funds.,https://www.kinecta.org/rates,,2026-10-05
12,156,DLP Bank,bank,FL,3.15,,no,,17734,,not stated,not stated,,1 Penalty for early withdrawal may apply.,https://www.dlp.bank/personal/personal-savings/certificates-of-deposit-cds.html,,2026-10-05
12,156,United Nations FCU,credit_union,NY,3.15,,no,,,5588,yes,Members of the United Nations community can join from abroad.,no (UN community),Any additional early withdrawals will be subject to penalties .,https://www.unfcu.org/rates/,,2026-10-05
12,158,State Bank of Scotia,bank,NE,3.03,1000,no,,14069,,not stated,not stated,,"IRA 2.00% 2.02% $0.00 $0.01* Savings Savings 1.00% 1.00% $0.00 $0.01* SNA 3.00% 3.00% $0.00 $0.01* Checking NOW 0.250% 0.250% $1,000.00 $0.01* Effective Date: October 1, 2025 Certificates of Deposit: Penalty may be imposed for early withdra",https://statebankofscotia.bank/interest-rates/,,2026-10-05
12,158,Fidelity Bank of Texas,bank,TX,3.03,,no,,21455,,yes,not stated,,,https://www.fbot.bank/Personal/CDs-IRAs/Interest-Rates,,2026-10-05
12,160,Abound Credit Union,credit_union,KY,3.00,500,no,,,7000,yes,not stated,not stated,,https://www.aboundcu.com/community-support/get-in-touch/rates/deposit-rates,,2026-10-05
12,160,United Republic Bank,bank,NE,3.00,1000,no,,58359,,not stated,not stated,,"$1,000 4.16% 4.25% 15-month Special $1,000 $1,000 4.07% 4.15% Jumbo deposits are negotiable | Bank has the right to limit deposits | All rates listed may change daily ** A penalty may be assessed for early withdrawal.",https://www.unitedrepublic.bank/deposit-rates,,2026-10-05
12,160,Commercial State Bank,bank,NE,3.00,,no,,13819,,not stated,not stated,,"% 1.45%** $25,000 - $49,999.99 1.54% 1.55%** $50,000 - and up 1.69% 1.70%** IRA 3.21% 3.25%* Rates may change after a variable account has been opened Certificates of Deposit ($1,000 Minimum Deposit, Penalty for Early Withdrawal) Type of Ac",https://www.wausabank.com/resources/rates,,2026-10-05
12,160,Ivy Bank (Cambridge Savings Bank),bank,MA,3.00,,no,,17870,,yes,not stated,,Substantial penalties for early withdrawal may be imposed.,https://www.ivybank.com/cds,,2026-10-05
18,1,Raymond James Bank,bank,FL,4.90,1000,no,,33893,,not stated,not stated,,There is a substantial penalty for early withdrawal.,https://www.raymondjamesbank.com/deposit-accounts,"Rates effective September 18, 2026 per the bank's deposit page. Minimum $1,000, or $2,000 if bought through a Raymond James brokerage account. Rates by phone at 800.718.2265, option 4, or through an advisor.",2026-10-05
18,2,Kinecta Federal Credit Union,credit_union,CA,4.50,,yes,,,4142,not stated,not stated,not stated,There is a substantial penalty for early withdrawal of certificate funds.,https://www.kinecta.org/,,2026-10-05
18,3,BTG Pactual Bank,bank,NY,4.45,500,no,,35154,,yes,The posted CD rate is for US citizens and resident aliens. Residents of Brazil and Chile who are BTG Pactual clients can open a US dollar account held at Regent Bank.,,Early withdrawal penalties may apply (except No-Penalty CDs).,https://www.btgpactual.us/banking/certificates-of-deposit,,2026-10-05
18,4,"Academy Bank, National Association",bank,MO,4.40,500,no,,19600,,not stated,not stated,,"If not a CD, then should I try a Money Market All 3 * Annual Percentage Yield 1 A penalty may be imposed for early withdrawal.",https://www.academybank.com/personal/save/certificate-of-deposit,,2026-10-05
18,4,Marcus by Goldman Sachs,bank,NY,4.40,500,no,,33124,,yes,not stated,,Choose the term that works for you Annual Percentage Yield Minimum Deposit Early Withdrawal Penalty Annual Percentage Yield Minimum Deposit Early Withdrawal Penalty 6 months High-Yield CD 3.95% $500 Yes 9 months High-Yield CD 4.30% $500 Yes,https://www.marcus.com/us/en/savings/high-yield-cds,,2026-10-05
18,4,Bread Savings,bank,UT,4.40,1500,no,,57570,,not stated,not stated,,A penalty will be imposed for early withdrawals on CDs.,https://www.breadfinancial.com/en/bread-savings/certificates-of-deposit.html,,2026-09-24
18,4,Sallie Mae Bank,bank,UT,4.40,2500,no,,58177,,not stated,not stated,,A penalty may be charged for early withdrawal.,https://www.salliemae.com/savings/rate-table/,,2026-10-05
18,4,MapleMark Bank,bank,OK,4.40,,no,,3182,,not stated,not stated,,"Early withdrawal penalties may apply, including up to six months of interest.",https://maplemarkbank.com/,,2026-10-05
18,9,Signal Financial FCU,credit_union,MD,4.35,500,no,,,5571,not stated,not stated,yes (donation),Penalties apply for early withdrawal.,https://www.signalfinancialfcu.org/deposit-rates,,2026-10-05
18,9,Rising Bank (Midwest BankCentre),bank,MO,4.35,5000,no,,1058,,yes,not stated,,Penalty for early withdrawal may apply.,https://www.risingbank.com/rates/,,2026-10-05
18,9,Bank of Utah,bank,UT,4.35,,no,,17159,,yes,not stated,,"Ability to Add Funds to Account After Initial Deposit: No Ability to Make Early Withdrawals from Account: Not without penalty How to Open an Account: 3-Month, 6-Month, 1-Year, 2-Year, and all terms 3 years and longer can be opened online ; ",https://www.bankofutah.com/personal/checking-savings/certificate-of-deposit-accounts,,2026-10-05
18,9,EagleBank,bank,MD,4.35,,no,,34742,,not stated,not stated,,Penalty for early withdrawal may reduce earnings.,https://www.eaglebankcorp.com/personal-banking/cd/,,2026-10-05
18,13,Bank of Deerfield,bank,WI,4.30,500,no,,2477,,not stated,not stated,,", IRAs, and HSA**⁵ Term Minimum to Open Account Minimum Balance to Obtain APY Interest Rate Annual Percentage Yield 25 Month $2,500 $2,500 4.34% 4.39% 36 Month $2,500 $2,500 4.40% 4.45% ¹ Substantial Penalty for Early Withdrawal ² Advertise",https://www.bankofdeerfield.bank/resources/deposit-rates,,2026-10-05
18,13,CFG Bank,bank,MD,4.30,500,no,,34294,,yes,not stated,,A $500 minimum daily balance is required to obtain the Annual Percentage Yield (APY) * Early withdrawal penalties may apply.,https://www.cfg.bank/personal-banking/personal-deposit-rates/,,2026-10-05
18,13,First National Bank of America,bank,MI,4.30,,no,,17438,,yes,not stated,,A penalty may be imposed for early withdrawal.,https://www.fnba.com/deposit-rates/,,2026-10-05
18,16,Ally Bank,bank,UT,4.25,0,no,,57803,,not stated,"Opening an account requires a US Social Security number, according to the institution's own pages.",,"High Yield CD AVAILABLE TERMS 2.8% correct as of 10/01/26 Choose from a variety of terms each offering a competitive, fixed rate Early withdrawal penalty will apply APY is fixed for the term of the CD but subject to change upon renewal No m",https://www.ally.com/bank/cd-rates/,,2026-10-05
18,16,Synchrony Bank,bank,UT,4.25,0,no,,27314,,not stated,not stated,,% APY * High Yield Savings (HYS) No minimum balance Explore High Yield Savings % APY * Money Market Account (MMA) No minimum balance Explore Money Market Account FAQs View all FAQs Is there an early withdrawal penalty for CDs? Penalty Amoun,https://api.syf.com/v1/retailBank/products?serviceLevel=0000000,,2026-09-24
18,16,Credit Union of Southern California,credit_union,CA,4.25,500,no,,,24983,not stated,not stated,no (local or relative),A penalty may be imposed for early withdrawals.,https://www.cusocal.org/loans/personal/rates/,,2026-10-05
18,16,Prime Alliance Bank,bank,UT,4.25,500,no,,57920,,yes,not stated,,Penalties assessed for early withdrawal.,https://www.primealliance.bank/cds-2,,2026-10-05
18,16,Hanscom Federal Credit Union,credit_union,MA,4.25,,no,,,9095,not stated,not stated,not stated,Early withdrawal penalties may apply to certificates.,https://www.hfcu.org/rates/account-rates.html,,2026-10-05
18,16,The Ohio Valley Bank Company,bank,OH,4.25,,yes,,384,,not stated,not stated,,A penalty may be imposed for early withdrawal.,https://www.ovbc.com/cd-and-ira-specials,,2026-10-05
18,16,VisionBank,bank,MN,4.25,,no,,58063,,not stated,not stated,,"nth a,c Create Account 4.18% 4.25% 30 Month a,c Create Account 4.18% 4.25% 36 Month a,c Create Account 4.18% 4.25% 48 Month a,c Create Account 4.18% 4.25% 60 Month a,c Create Account 4.18% 4.25% a) A penalty may be imposed for early withdra",https://bankwithvision.com/rates/,,2026-10-05
18,23,Citizens Bank & Trust Company,bank,KY,4.21,500,no,,15675,,not stated,not stated,,Penalty may be imposed for early withdrawal.,https://www.cbtky.com/personal/certificate-of-deposit-rates,,2026-10-05
18,24,Tower Federal Credit Union,credit_union,MD,4.20,500,no,,,8333,not stated,not stated,not stated,Withdrawal of the Share Certificate funds before the maturity date will incur an early withdrawal penalty.,https://www.towerfcu.org/rates/deposit-rates,,2026-10-05
18,24,Gala Bank,bank,FL,4.20,,no,,59358,,not stated,not stated,,,https://www.gala.bank/deposits/cds-and-iras,,2026-10-05
18,26,Bank of the Flint Hills,bank,KS,4.18,,no,,4791,,not stated,not stated,,A penalty may be imposed for early withdrawal.,https://www.bfh.bank/personal/deposit-rates,,2026-10-05
18,27,CIBC Agility,bank,IL,4.15,,no,,33306,,yes,Canadian residents can apply.,,You'll have a 10-day grace period after the maturity date to withdraw your money without paying an early withdrawal fee.,https://us.cibc.com/en/agility/certificates-of-deposit.html,,2026-10-05
18,27,Oak View National Bank,bank,VA,4.15,,no,,58827,,not stated,not stated,,Early withdrawals may incur a penalty.,https://www.oakviewbank.com/,,2026-10-05
18,29,USALLIANCE Financial,credit_union,NY,4.10,500,yes,,,17587,not stated,not stated,not stated,"Dividend Savings Certificate Accounts Certificate Account products (similar to CDs) are available for Individual Retirement Accounts (IRAs), with the exception of the 11 Month Special Certificate (No Early Withdrawal Penalty).",https://www.usalliance.org/about-us/rates/savings-rates,,2026-10-05
18,29,Pathway Bank,bank,NE,4.10,1000,no,,1992,,not stated,not stated,,Substantial Penalty for Early Withdrawal.,https://www.pathwaybank.com/cds-iras-hsas,,2026-10-05
18,29,Home Savings Bank,bank,UT,4.10,10000,no,,26798,,yes,not stated,,Early withdrawal penalties may apply on Certificate of Deposit accounts.,https://www.hsbutah.com/rates,,2026-10-05
18,29,Live Oak Bank,bank,NC,4.10,,no,,58665,,not stated,"Accounts are limited to US citizens and US residents, according to the institution's own pages.",,Account Fees: Online Banking Fee: No Charge Monthly Interest Disbursements Fee: No Charge Early Withdrawal Penalties: Early Principal Withdrawal of a CD with a term less than 24 months: 90 Days of Simple Interest Early Principal Withdrawal ,http://www.liveoakbank.com/personal-cd-accounts/?utm_source=vanity-url&utm_term=cd-rates,,2026-10-05
18,29,Navy Federal Credit Union,credit_union,VA,4.10,,no,,,5536,not stated,not stated,no (military and DoD),Penalties apply for early withdrawals from certificate accounts.,https://www.navyfederal.org/checking-savings/savings/certificates.html,,2026-10-05
18,34,Balboa Thrift and Loan Association,bank,CA,4.08,,no,,26704,,not stated,not stated,,An early withdrawal penalty equal to three (3) months of interest may be imposed for early withdrawals.,https://www.balboathrift.com/deposits/deposit-rates,,2026-10-05
18,35,Directions Credit Union,credit_union,OH,4.07,500,no,,,60978,not stated,not stated,no (counties),Penalty for early withdrawal.,https://directionscu.org/personal/save/savings-certificates/checking-savings-rates/,,2026-10-05
18,35,Community Commerce Bank,bank,CA,4.07,,no,,26363,,not stated,not stated,,4 Substantial penalty for early withdrawal.,https://ccombank.com/deposits/,,2026-10-05
18,37,Leighton State Bank,bank,IA,4.04,,no,,10118,,not stated,not stated,,p 3.75% 3.80% Quarterly 4 Year Step 3.50% 3.55% Quarterly 5 Year 3.50% 3.53% Semi-Annually * Annual Percentage Yield (APY) Rates effective 8/24/2026 and subject to change $500 minimum balance for CDs Early withdrawal penalties may apply.,https://leightonbank.com/bank-with-us/personal/cds-iras-and-hsas/,,2026-10-05
18,38,Quorum Federal Credit Union,credit_union,NY,4.00,100,no,,,22769,yes,not stated,not stated,A penalty will be imposed if funds are withdrawn prior to maturity date.,https://www.quorumfcu.org/rates,,2026-10-05
18,38,Bank5 Connect (BankFive),bank,MA,4.00,500,no,,23286,,not stated,"Opening an account requires a US Social Security number, according to the institution's own pages.",,Penalty for early withdrawal.,https://www.bank5connect.com/cds,,2026-10-05
18,38,Freedom Bank,bank,NJ,4.00,500,yes,,58712,,not stated,not stated,,Early withdrawal penalties may apply.,https://www.fbnj.com/deposit-rates/,,2026-10-05
18,38,Mountain America Credit Union,credit_union,UT,4.00,500,no,,,24692,not stated,not stated,no (listed states),,https://www.macu.com/rates/certificates,,2026-09-24
18,38,First Pryority Bank,bank,OK,4.00,1000,no,,4185,,not stated,not stated,,Early withdrawal penalties of 12 months apply.,https://pryority.bank/deposit-rates/,,2026-09-28
18,38,Bask Bank (Texas Capital Bank),bank,TX,4.00,,no,,34383,,not stated,"Opening an account requires a US Social Security number, according to the institution's own pages.",,Penalty may be imposed for early withdrawal and may reduce earnings.,https://baskbank.com/sites/default/files/Documents/Disclosures/rates-and-fee-schedule.pdf,,2026-10-05
18,38,Commerce Bank & Trust,bank,FL,4.00,,no,,57429,,not stated,not stated,,²A penalty may be imposed for early withdrawal.,https://cbtfl.com/about-us/rates/,,2026-10-05
18,38,FinWise Bank,bank,UT,4.00,,no,,35323,,yes,not stated,,‡ An early withdrawal penalty may apply for all Certificates of Deposit.,https://www.finwise.bank/wp-content/uploads/2026/04/Online-FW-Savings-Certificate-of-Deposit-Rates-04-10-2026.pdf,,2026-10-05
18,38,First Internet Bank of Indiana,bank,IN,4.00,,no,,34607,,yes,not stated,,Contact Us Learn More Business CD Accounts & Rates Term Interest Rate Annual Percentage Yield (APY) Early Withdrawal Penalties 3-month CD 3.35 % 3.40 % 90 days interest Open Account 6-month CD 3.54 % 3.60 % 180 days interest Open Account 12,https://www.firstib.com/open-account/,,2026-10-05
18,38,Technology Credit Union,credit_union,CA,4.00,,no,,,68383,not stated,not stated,not stated,Penalties will be imposed for early withdrawals.,https://www.techcu.com/Resources/Rates,,2026-10-05
18,48,Greater Nevada Credit Union,credit_union,NV,3.98,,no,,,68228,not stated,not stated,no (Nevada),A penalty may be imposed for withdrawals before maturity.,https://www.gncu.org/banking/account-rates/,,2026-10-05
18,49,Credit Human,credit_union,TX,3.95,500,no,,,24382,not stated,not stated,not stated,0 and up 3.89% 3.96% 36 - 59 months $500.00 and up 3.91% 3.98% 60 - 83 months $500.00 and up 3.93% 4.00% 84 - 119 months $500.00 and up 3.95% 4.02% 120 months $500.00 and up 3.98% 4.05% Disclosures A penalty will be imposed for early withdr,https://credithuman.com/personal/cds/share-certificates/,,2026-09-24
18,49,Quaint Oak Bank,bank,PA,3.95,,no,,35497,,not stated,not stated,,Certificates of deposit accounts carry a substantial penalty for early withdrawal.,https://www.quaintoak.com/personal-banking/deposit-products/cd-account/2-year-cd/,,2026-10-05
18,51,Newtek Bank,bank,FL,3.90,,no,,18734,,yes,not stated,,Penalties may apply to early withdrawals.,https://www.newtekbank.com/open-account/,,2026-10-05
18,52,Celtic Bank,bank,UT,3.87,,no,,57056,,not stated,not stated,,"A penalty will be imposed for early withdrawal on all Certificates of Deposit, with few exceptions.",https://www.celticbank.com/saving-cds,,2026-10-05
18,53,Heritage Bank Minnesota,bank,MN,3.85,250,no,,8865,,not stated,not stated,,"CD & IRA Interest Rates Rates current as of December 18, 2025 TYPE OF PRODUCT MINIMUM DEPOSIT INTEREST RATE Annual Percentage Yield (APY)* EARLY WITHDRAWAL PENALTIES (Minimum $25) 3 Month Fixed CD $250 4.10% 4.16% 91 Days Interest 6 Month F",https://heritagebankmn.com/personal/cds-iras/,,2026-10-05
18,53,The Corner Stone Bank,bank,MO,3.85,1000,no,,9388,,not stated,not stated,,"000 3.20% 3.25% Regular IRAs $100 $0 4.75% 4.75% Roth IRAs $100 $0 4.75% 4.75% Educational IRAs $100 $0 1.25% 1.25% 17 Month Special $1,000 $1,000 4.12% 4.20% *Fees could reduce earnings on accounts *Early withdrawal penalties will or may b",https://www.thecornerstonebank.net/deposits/rates,,2026-10-05
18,53,Chevron Federal Credit Union,credit_union,CA,3.85,,no,,,24326,yes,Chevron employees working outside the US can join. Other applicants need a US Social Security number.,possibly (association),All certificates are subject to an early withdrawal penalty.,https://www.chevronfcu.org/rates/share-certificate,,2026-10-05
18,53,Phelps County Bank,bank,MO,3.85,,no,,18841,,yes,not stated,,.70% 12 Month CD 3.75% 3.80% 15 Month CD 3.75% 3.80% 18 Month CD 3.80% 3.85% 24 Month CD 3.85% 3.91% 30 Month CD 3.85% 3.91% 36 Month CD 3.90% 3.96% 48 Month CD 3.90% 3.96% 60 Month CD 3.90% 3.96% *A penalty may be imposed for early withdra,https://www.mypcb.com/rates,,2026-10-05
18,57,Air Force Federal Credit Union (Vibrant),credit_union,,3.80,,yes,,,,yes,not stated,not stated,out Certificates 6 $300 minimum opening deposit for all regular share and IRA accounts; $5 minimum deposit for youth club members under 18 years of age 7 Fees could reduce earnings on the account 8 A penalty will be imposed for early withdr,https://www.freedomfcu.org/rates/,,2026-10-05
18,58,State Bank of Bottineau,bank,ND,3.79,100,no,,9121,,not stated,not stated,,"3.79% a 60 MONTH CD $ 100.00 3.75% 3.79% a, b 21 MONTH RATE WATCH CD $ 2,500.00 3.60% 3.65% a, b 36 MONTH RATE WATCH CD $ 2,500.00 3.65% 3.70% a, b 57 MONTH RATE WATCH CD $ 2,500.00 3.70% 3.75% a) A penalty may be imposed for early withdraw",https://www.statebankofbottineau.com/assets/files/wbJLgSoZ,,2026-10-05
18,59,Twin Cedars Bank,bank,IA,3.75,500,no,,1556,,yes,not stated,,Early withdrawal penalties may apply.,https://www.twincedars.bank/bank-account-rate-sheet,,2026-10-05
18,59,Beacon Community Bank,bank,SC,3.75,,no,,59106,,not stated,not stated,,A penalty of 5 months interest on the amount withdrawn will be imposed for early withdrawals on terms equal to 5 months.,https://www.beacon.bank/personal/banking/interest-rates,,2026-09-28
18,59,"First Jackson Bank, Inc.",bank,AL,3.75,,no,,23376,,not stated,not stated,,NOTICE: This account may require a minimum daily balance and/or impose a penalty for early withdrawal.,https://firstjacksonbank.com/rates/,,2026-10-05
18,62,Rolette State Bank,bank,ND,3.68,500,no,,9120,,not stated,not stated,,"Contact Us Rates Certificates of Deposit (CDs) Effective January 8, 2026 Penalty may be imposed for early withdrawal.",https://www.rolettestatebank.com/rates/,,2026-10-05
18,63,Great North Bank,bank,WI,3.67,,no,,15146,,not stated,not stated,,Early withdrawal penalties may apply.,https://www.greatnorthbank.com/wp-content/uploads/PDF/OAO-Rate.pdf,,2026-10-05
18,64,Lafayette Federal Credit Union,credit_union,MD,3.66,50,no,,,619,not stated,not stated,no (MD DC VA only for the ACC route),to Earn APY 2 Dividend APY 2 1 Early withdrawal penalties may apply.,https://www.lfcu.org/personal/certificates/,,2026-10-05
18,64,Stearns Bank National Association,bank,MN,3.66,500,no,,10988,,not stated,not stated,,3 No penalty may be imposed for early withdrawal.,https://www.stearnsbank.com/personal/cds,,2026-10-05
18,66,Visions Federal Credit Union,credit_union,NY,3.65,500,no,,,17429,not stated,not stated,not stated,Should the early withdrawal amount during the life of the certificate exceed the original balance the Credit Union will require that the entire balance be withdrawn and subject to penalty.,https://www.visionsfcu.org/rates/ira-rates,,2026-10-05
18,66,Alliant Credit Union,credit_union,IL,3.65,75000,no,,,67955,not stated,People living outside the US can join if they have a US Social Security number or an ITIN.,yes (foundation),"If you withdraw funds from an Alliant certificate before the maturity date, you may incur an early withdrawal penalty, per the table below.",https://www.alliantcreditunion.org/bank/credit-union-certificate,,2026-10-05
18,66,ESB Financial,bank,KS,3.65,,no,,16629,,not stated,not stated,,Greater earnings than standard savings Receive higher rates by selecting a longer term Provides more guarantee than other risky investments A wide range of terms available (from 3 months to 5 years) Penalty for early withdrawal FDIC insured,https://www.esbfinancial.com/banking/personal-banking/personal-savings/certificates-of-deposit-cds.html,,2026-10-05
18,66,Seattle Bank,bank,WA,3.65,,no,,35139,,yes,not stated,,Penalty assessed for early withdrawal.,https://www.seattlebank.com/personal/personal-banking/certificates-of-deposit-cd.html,,2026-10-05
18,70,Homewood Federal Savings Bank,bank,MD,3.60,500,no,,31267,,not stated,not stated,,Member FDIC A penalty may be imposed for early withdrawal on certificates of deposit.,https://www.homewoodfsb.com/deposit-rates/,,2026-10-05
18,70,Texas Heritage National Bank,bank,TX,3.60,1000,no,,3161,,not stated,not stated,,,https://www.thnb.bank/resources/interest-rates/,,2026-10-05
18,70,UniBank,bank,WA,3.60,1000,no,,58407,,not stated,not stated,,All certificate of deposits and IRA's are subject to an interest penalty for early withdrawal of principal.,https://www.unibankusa.com/deposit/resources/deposit-rates,,2026-10-05
18,70,Mercantile Bank,bank,MI,3.60,,no,,34598,,not stated,not stated,,Subject to early withdrawal pen alty when principal is withdrawn prior to maturity.,https://mercbank.com/personal-banking/cds/merc,,2026-10-05
18,74,Compass Savings Bank,bank,PA,3.56,500,no,,29430,,not stated,not stated,,Months Minimum Balance Rate APY* 6 $500 3.75% 3.82% 12 $500 3.85% 3.92% 18 $500 3.50% 3.56% 24 $500 3.50% 3.56% 36 $500 3.15% 3.20% 60 $500 3.15% 3.20% * Annual Percentage Yield Penalty may apply for early withdrawal and reduce earnings.,https://compassbank.us/savings-rates/,,2026-10-05
18,74,GTE Financial,credit_union,FL,3.56,,no,,,196,not stated,not stated,not stated,While there are no penalties for monthly dividend withdrawals a penalty may be imposed for early withdrawal which could reduce the earnings on the account and/or reduce the principal.,https://www.gtefinancial.org/products/share-certificates,,2026-10-05
18,76,First Community Credit Union,credit_union,MO,3.55,500,no,,,67619,not stated,"Accounts are limited to US citizens and US residents, according to the institution's own pages.",not stated (employer or association groups),Certificates have substantial penalties for early withdrawal.,https://www.firstcommunity.com/services-tools/tools/rates.html,,2026-10-05
18,76,Latino Community Credit Union,credit_union,NC,3.55,500,no,,,68430,yes,not stated,not stated,% 3.50% 18 Months $500 3.55% 3.55% 24 Months $500 3.65% 3.65% 36 Months $500 3.70% 3.70% 48 Months $500 3.73% 3.73% 60 Months $500 3.75% 3.75% The Fine Print The important details Account Limitations/Early Withdrawal Penalties.,https://latinoccu.org/products-and-services/savings/certificates-of-deposit/certificates-of-deposit/,,2026-10-05
18,78,First Federal Savings Bank,bank,IN,3.51,500,no,,29056,,not stated,not stated,,A penalty will be imposed for early withdrawal.,https://www.firstfedsavings.bank/current-rates/,,2026-10-05
18,79,Abound Credit Union,credit_union,KY,3.50,500,no,,,7000,yes,not stated,not stated,,https://www.aboundcu.com/community-support/get-in-touch/rates/deposit-rates,,2026-10-05
18,79,Cross River Bank,bank,NJ,3.50,500,no,,58410,,not stated,not stated,,CDs are subject to penalty for early withdrawal.,https://www.crossriver.com/personal-banking,,2026-10-05
18,79,Ponce Bank,bank,NY,3.50,1000,no,,31189,,not stated,not stated,,A penalty may be imposed for withdrawals before maturity on CDs.,https://www.poncebank.com/rates,,2026-10-05
18,79,DCU (trade name of First Technology FCU in the NCUA file),credit_union,CA,3.50,,no,,,23521,not stated,not stated,yes (one-time donation),A penalty may be imposed for early withdrawal.,https://www.dcu.org/bank/certificates/regular-certificates.html,,2026-10-05
18,83,Security Bank,bank,OK,3.49,,no,,4178,,not stated,not stated,,A penalty may be imposed for early withdrawal from a Certificate of Deposit.,https://www.sbtulsa.bank/Current-Rates,,2026-10-05
18,84,Great Plains State Bank,bank,NE,3.45,500,no,,14058,,not stated,not stated,,2 Months $500 3.41% 3.45% 15 Months $500 4.09% 4.15% 18 Months $500 3.41% 3.45% 24 Months $500 3.21% 3.25% 36 Months $500 3.21% 3.25% 48 Months $500 3.26% 3.30% 60 Months $500 3.31% 3.35% Substantial penalty will be imposed for early withdr,https://gpsbanks.com/rates/,,2026-10-05
18,85,Central State Bank,bank,IA,3.43,1500,no,,10903,,not stated,not stated,,Early withdrawal penalty fees may apply on Certificates of Deposits 6 to 60 months Savings and NOW Checking Accounts Savings accounts provide a straightforward way to earn interest while maintaining liquidity.,https://www.centralstatebankia.com/personal/rates,,2026-10-05
18,86,Justice Federal Credit Union,credit_union,VA,3.41,100000,no,,,151,not stated,not stated,not stated,Certificate is subject to penalty for early withdrawal.,https://www.jfcu.org/rates,,2026-10-05
18,87,Freedom Bank of Southern Missouri,bank,MO,3.40,1000,no,,35276,,not stated,not stated,,"Savings ++ $5 $0 0.40% 0.40% Business Savings ++ $100 $0 - - Tier 1 <$50,000.00 - $0 0.35% - Tier 2 $50,000.00 - $50,000 0.45% - Tier 3 $100,000.00 - $100,000 0.55% - APY = Annual Percentage Yield *A penalty may be imposed for early withdra",https://www.freedombk.com/deposit,,2026-10-05
18,87,EverBank,bank,FL,3.40,,no,,34775,,yes,not stated,,,https://www.everbank.com/product-selection?referid=31176,,2026-10-05
18,89,First Bank of the Lake,bank,MO,3.35,,no,,26960,,not stated,not stated,,Penalty may be imposed for early withdrawal.,https://www.fblake.bank/rates/,,2026-10-05
18,89,Sidney Federal Credit Union,credit_union,NY,3.35,,no,,,6011,yes,not stated,no (counties),,https://sfcuonline.org/accounts/share-certificates/,,2026-10-05
18,91,American Express National Bank,bank,UT,3.25,0,no,,27471,,not stated,not stated,,rawn with no penalty  -  great for unexpected challenges Explore HYSA Certificate of Deposit Account Know exactly how much your investment will earn A fixed APY protects you from falling interest rates Early withdrawal fee helps reinforce a,https://www.americanexpress.com/en-us/banking/online-savings/cd/,,2026-09-24
18,91,First Bank of Central Ohio,bank,OH,3.25,500,no,,59249,,not stated,not stated,,Early withdrawal penalties may apply.* Indicates minimum average balance to keep in account to avoid incursion of fees.,https://www.fbcentralohio.com/rates/,,2026-10-05
18,93,United Nations FCU,credit_union,NY,3.20,,no,,,5588,yes,Members of the United Nations community can join from abroad.,no (UN community),Any additional early withdrawals will be subject to penalties .,https://www.unfcu.org/rates/,,2026-10-05
18,94,Longview Community Bank,bank,IL,3.05,500,no,,11319,,not stated,not stated,,"Penalties for early withdrawal on Certificates of Deposit and IRA’s: Terms of one year and less: 30 days interest forfeiture Terms of 18, 24, 30 & 36 month: 90 days interest forfeiture Terms of 48 & 60 month: 180 days interest forfeiture Pr",https://longviewcb.com/deposit-services/,,2026-10-05
18,94,DLP Bank,bank,FL,3.05,,no,,17734,,not stated,not stated,,1 Penalty for early withdrawal may apply.,https://www.dlp.bank/personal/personal-savings/certificates-of-deposit-cds.html,,2026-10-05
18,96,Clinton Bank,bank,KY,3.03,500,no,,304,,not stated,not stated,,"IFICATE OF DEPOSIT $10,000.00 $ 10,000.00 3.10% 3.14% 18 MONTH INDIVIDUAL RETIREMENT ACCOUNT'' $ 500.00 $ 500.00 3.00% 3.03% 30 MONTH INDIVIDUAL RETIREMENT ACCOUNT' $ 500.00 $ 500.00 4.30% 4.37% a) A penalty may be imposed for early withdra",https://www.clintonbankky.com/home/fiFiles/static/documents/weeklydepositrates.pdf,,2026-10-05
18,96,State Bank of Scotia,bank,NE,3.03,1000,no,,14069,,not stated,not stated,,"IRA 2.00% 2.02% $0.00 $0.01* Savings Savings 1.00% 1.00% $0.00 $0.01* SNA 3.00% 3.00% $0.00 $0.01* Checking NOW 0.250% 0.250% $1,000.00 $0.01* Effective Date: October 1, 2025 Certificates of Deposit: Penalty may be imposed for early withdra",https://statebankofscotia.bank/interest-rates/,,2026-10-05
18,96,The Bank of Old Monroe,bank,MO,3.03,,no,,1655,,not stated,not stated,,Certificates of deposit may be subject to penalty for early withdrawal.,https://www.bankofoldmonroe.com/bank-rates/,,2026-10-05
18,99,Service Credit Union,credit_union,,3.00,500,no,,,,not stated,not stated,not stated,Penalty for early withdrawal.,https://servicecu.org/rates/,,2026-10-05
18,99,Loyal Trust Bank,bank,GA,3.00,,no,,59182,,not stated,not stated,,Early withdrawal penalty may apply.,https://loyaltrustbank.com/wp-content/uploads/2026/08/Aug-3-Rate-Sheet-LTB.pdf,,2026-10-05
18,99,SECU Maryland,credit_union,MD,3.00,,no,,,66330,not stated,not stated,not stated,Early withdrawal penalties may apply.,https://www.secumd.org/more/open-account/,,2026-10-05
24,1,Raymond James Bank,bank,FL,4.98,1000,no,,33893,,not stated,not stated,,There is a substantial penalty for early withdrawal.,https://www.raymondjamesbank.com/deposit-accounts,"Rates effective September 18, 2026 per the bank's deposit page. Minimum $1,000, or $2,000 if bought through a Raymond James brokerage account. Rates by phone at 800.718.2265, option 4, or through an advisor.",2026-10-05
24,2,Tower Federal Credit Union,credit_union,MD,4.70,500,no,,,8333,not stated,not stated,not stated,Withdrawal of the Share Certificate funds before the maturity date will incur an early withdrawal penalty.,https://www.towerfcu.org/rates/deposit-rates,,2026-10-05
24,3,Popular Direct,bank,NY,4.65,,no,,34967,,yes,not stated,,A penalty will be imposed for early withdrawal.,https://www.populardirect.com/,,2026-10-05
24,4,Credit Union of Southern California,credit_union,CA,4.50,25,no,,,24983,not stated,not stated,no (local or relative),A penalty may be imposed for early withdrawals.,https://www.cusocal.org/loans/personal/rates/,,2026-10-05
24,4,BTG Pactual Bank,bank,NY,4.50,500,no,,35154,,yes,The posted CD rate is for US citizens and resident aliens. Residents of Brazil and Chile who are BTG Pactual clients can open a US dollar account held at Regent Bank.,,Early withdrawal penalties may apply (except No-Penalty CDs).,https://www.btgpactual.us/banking/certificates-of-deposit,,2026-10-05
24,6,HSBC Bank USA,bank,VA,4.45,1000,no,,57890,,yes,Customers living in the countries it lists can apply.,,A penalty may be imposed for early withdrawal.,https://www.us.hsbc.com/savings-accounts/products/interest-rates/,,2026-10-05
24,7,Marcus by Goldman Sachs,bank,NY,4.40,500,no,,33124,,yes,not stated,,Choose the term that works for you Annual Percentage Yield Minimum Deposit Early Withdrawal Penalty Annual Percentage Yield Minimum Deposit Early Withdrawal Penalty 6 months High-Yield CD 3.95% $500 Yes 9 months High-Yield CD 4.30% $500 Yes,https://www.marcus.com/us/en/savings/high-yield-cds,,2026-10-05
24,7,NASA Federal Credit Union,credit_union,MD,4.40,1000,no,,,6328,not stated,not stated,not stated,Limitations: Early withdrawal penalties apply and may reduce earnings.,https://www.nasafcu.com/rates-and-fees/checking-savings/share-certificate-rates,,2026-10-05
24,7,Sallie Mae Bank,bank,UT,4.40,2500,no,,58177,,not stated,not stated,,A penalty may be charged for early withdrawal.,https://www.salliemae.com/savings/rate-table/,,2026-10-05
24,7,MapleMark Bank,bank,OK,4.40,,no,,3182,,not stated,not stated,,"Early withdrawal penalties may apply, including up to six months of interest.",https://maplemarkbank.com/,,2026-10-05
24,11,Bank of Deerfield,bank,WI,4.35,500,no,,2477,,not stated,not stated,,", IRAs, and HSA**⁵ Term Minimum to Open Account Minimum Balance to Obtain APY Interest Rate Annual Percentage Yield 25 Month $2,500 $2,500 4.34% 4.39% 36 Month $2,500 $2,500 4.40% 4.45% ¹ Substantial Penalty for Early Withdrawal ² Advertise",https://www.bankofdeerfield.bank/resources/deposit-rates,,2026-10-05
24,11,Signal Financial FCU,credit_union,MD,4.35,500,no,,,5571,not stated,not stated,yes (donation),Penalties apply for early withdrawal.,https://www.signalfinancialfcu.org/deposit-rates,,2026-10-05
24,11,Bread Savings,bank,UT,4.35,1500,no,,57570,,not stated,not stated,,A penalty will be imposed for early withdrawals on CDs.,https://www.breadfinancial.com/en/bread-savings/certificates-of-deposit.html,,2026-09-24
24,11,EagleBank,bank,MD,4.35,,no,,34742,,not stated,not stated,,Penalty for early withdrawal may reduce earnings.,https://www.eaglebankcorp.com/personal-banking/cd/,,2026-10-05
24,11,EverBank,bank,FL,4.35,,no,,34775,,yes,not stated,,,https://www.everbank.com/product-selection?referid=31176,,2026-10-05
24,16,Putnam County State Bank,bank,MO,4.33,,no,,22895,,not stated,not stated,,,https://www.putnamcountystatebank.com/cd-rates,,2026-10-05
24,17,Prime Alliance Bank,bank,UT,4.30,500,no,,57920,,yes,not stated,,Penalties assessed for early withdrawal.,https://www.primealliance.bank/cds-2,,2026-10-05
24,17,Rising Bank (Midwest BankCentre),bank,MO,4.30,1000,no,,1058,,yes,not stated,,Penalty for early withdrawal may apply.,https://www.risingbank.com/rates/,,2026-10-05
24,17,Bask Bank (Texas Capital Bank),bank,TX,4.30,,no,,34383,,not stated,"Opening an account requires a US Social Security number, according to the institution's own pages.",,Penalty may be imposed for early withdrawal and may reduce earnings.,https://baskbank.com/sites/default/files/Documents/Disclosures/rates-and-fee-schedule.pdf,,2026-10-05
24,17,First National Bank of America,bank,MI,4.30,,no,,17438,,yes,not stated,,A penalty may be imposed for early withdrawal.,https://www.fnba.com/deposit-rates/,,2026-10-05
24,17,Gala Bank,bank,FL,4.30,,no,,59358,,not stated,not stated,,,https://www.gala.bank/deposits/cds-and-iras,,2026-10-05
24,22,Bank of the Flint Hills,bank,KS,4.27,,no,,4791,,not stated,not stated,,A penalty may be imposed for early withdrawal.,https://www.bfh.bank/personal/deposit-rates,,2026-10-05
24,22,Farmers and Merchants Bank,bank,NE,4.27,,no,,14275,,yes,not stated,,ates of Deposit Learn More Month Rate APY 3 Month 4.00% 4.06% 6 Month 4.00% 4.06% 12 Month 4.10% 4.16% 24 Month 4.20% 4.27% 36 Month 4.30% 4.37% 48 Month 4.30% 4.37% 60 Month 4.30% 4.37% Penalty with early withdrawal Find Us Contact Us Find,https://www.fmbmilligan.com/services-tools/tools/rates.html,,2026-10-05
24,24,Synchrony Bank,bank,UT,4.25,0,no,,27314,,not stated,not stated,,% APY * High Yield Savings (HYS) No minimum balance Explore High Yield Savings % APY * Money Market Account (MMA) No minimum balance Explore Money Market Account FAQs View all FAQs Is there an early withdrawal penalty for CDs? Penalty Amoun,https://api.syf.com/v1/retailBank/products?serviceLevel=0000000,,2026-09-24
24,24,Citizens Bank & Trust Company,bank,KY,4.25,500,no,,15675,,not stated,not stated,,Penalty may be imposed for early withdrawal.,https://www.cbtky.com/personal/certificate-of-deposit-rates,,2026-10-05
24,24,Mountain America Credit Union,credit_union,UT,4.25,500,no,,,24692,not stated,not stated,no (listed states),,https://www.macu.com/rates/certificates,,2026-09-24
24,24,Home Savings Bank,bank,UT,4.25,10000,no,,26798,,yes,not stated,,Early withdrawal penalties may apply on Certificate of Deposit accounts.,https://www.hsbutah.com/rates,,2026-10-05
24,24,Enterprise Bank,bank,NE,4.25,,no,,33380,,not stated,not stated,,Early withdrawal penalties may apply.,https://www.enterprise.bank/personal-banking/account-services/deposit-rates,,2026-10-05
24,24,Financial Federal Bank,bank,TN,4.25,,no,,31840,,not stated,not stated,,Early withdrawal penalty will apply.,https://www.finfedmem.com/cds,,2026-10-05
24,24,Hanscom Federal Credit Union,credit_union,MA,4.25,,no,,,9095,not stated,not stated,not stated,Early withdrawal penalties may apply to certificates.,https://www.hfcu.org/rates/account-rates.html,,2026-10-05
24,24,VisionBank,bank,MN,4.25,,no,,58063,,not stated,not stated,,"nth a,c Create Account 4.18% 4.25% 30 Month a,c Create Account 4.18% 4.25% 36 Month a,c Create Account 4.18% 4.25% 48 Month a,c Create Account 4.18% 4.25% 60 Month a,c Create Account 4.18% 4.25% a) A penalty may be imposed for early withdra",https://bankwithvision.com/rates/,,2026-10-05
24,32,USALLIANCE Financial,credit_union,NY,4.20,500,yes,,,17587,not stated,not stated,not stated,"Dividend Savings Certificate Accounts Certificate Account products (similar to CDs) are available for Individual Retirement Accounts (IRAs), with the exception of the 11 Month Special Certificate (No Early Withdrawal Penalty).",https://www.usalliance.org/about-us/rates/savings-rates,,2026-10-05
24,33,Freedom Bank,bank,NJ,4.15,500,yes,,58712,,not stated,not stated,,Early withdrawal penalties may apply.,https://www.fbnj.com/deposit-rates/,,2026-10-05
24,34,Directions Credit Union,credit_union,OH,4.13,100,no,,,60978,not stated,not stated,no (counties),Penalty for early withdrawal.,https://directionscu.org/personal/save/savings-certificates/checking-savings-rates/,,2026-10-05
24,34,Balboa Thrift and Loan Association,bank,CA,4.13,,no,,26704,,not stated,not stated,,An early withdrawal penalty equal to three (3) months of interest may be imposed for early withdrawals.,https://www.balboathrift.com/deposits/deposit-rates,,2026-10-05
24,36,Leighton State Bank,bank,IA,4.09,,no,,10118,,not stated,not stated,,p 3.75% 3.80% Quarterly 4 Year Step 3.50% 3.55% Quarterly 5 Year 3.50% 3.53% Semi-Annually * Annual Percentage Yield (APY) Rates effective 8/24/2026 and subject to change $500 minimum balance for CDs Early withdrawal penalties may apply.,https://leightonbank.com/bank-with-us/personal/cds-iras-and-hsas/,,2026-10-05
24,37,Gulf Coast Business Bank,bank,FL,4.08,5000,no,,59281,,not stated,not stated,,Early withdrawal penalties may apply.,https://www.gcbbswfl.com/resources/rates,,2026-10-05
24,38,State Savings Bank,bank,IA,4.06,2000,no,,248,,not stated,not stated,,Substantial penalty for early withdrawal.,https://www.ssb.bank/personal/current-rates,,2026-10-05
24,39,First Pryority Bank,bank,OK,4.05,1000,no,,4185,,not stated,not stated,,Early withdrawal penalties of 12 months apply.,https://pryority.bank/deposit-rates/,,2026-09-28
24,39,Pathway Bank,bank,NE,4.05,1000,no,,1992,,not stated,not stated,,Substantial Penalty for Early Withdrawal.,https://www.pathwaybank.com/cds-iras-hsas,,2026-10-05
24,39,Bank of Utah,bank,UT,4.05,,no,,17159,,yes,not stated,,"Ability to Add Funds to Account After Initial Deposit: No Ability to Make Early Withdrawals from Account: Not without penalty How to Open an Account: 3-Month, 6-Month, 1-Year, 2-Year, and all terms 3 years and longer can be opened online ; ",https://www.bankofutah.com/personal/checking-savings/certificate-of-deposit-accounts,,2026-10-05
24,42,American Pride Bank,bank,GA,4.04,,no,,58584,,not stated,not stated,,Substantial penalty for early withdrawal.,https://www.americanpride.bank/personal/open-now-cd-rates,,2026-10-05
24,43,Greater Nevada Credit Union,credit_union,NV,4.03,,no,,,68228,not stated,not stated,no (Nevada),A penalty may be imposed for withdrawals before maturity.,https://www.gncu.org/banking/account-rates/,,2026-10-05
24,44,Beach Cities Commercial Bank,bank,CA,4.02,2500,no,,59290,,not stated,not stated,,Any withdrawal of principal or interest prior to maturity will reduce overall earnings and trigger an Early Withdrawal Penalty.,https://beachcitiescb.com/Rates/,,2026-10-05
24,45,Quorum Federal Credit Union,credit_union,NY,4.00,100,no,,,22769,yes,not stated,not stated,A penalty will be imposed if funds are withdrawn prior to maturity date.,https://www.quorumfcu.org/rates,,2026-10-05
24,45,Visions Federal Credit Union,credit_union,NY,4.00,500,no,,,17429,not stated,not stated,not stated,Should the early withdrawal amount during the life of the certificate exceed the original balance the Credit Union will require that the entire balance be withdrawn and subject to penalty.,https://www.visionsfcu.org/rates/ira-rates,,2026-10-05
24,45,CIBC Agility,bank,IL,4.00,,no,,33306,,yes,Canadian residents can apply.,,You'll have a 10-day grace period after the maturity date to withdraw your money without paying an early withdrawal fee.,https://us.cibc.com/en/agility/certificates-of-deposit.html,,2026-10-05
24,45,Commerce Bank & Trust,bank,FL,4.00,,no,,57429,,not stated,not stated,,²A penalty may be imposed for early withdrawal.,https://cbtfl.com/about-us/rates/,,2026-10-05
24,45,First Internet Bank of Indiana,bank,IN,4.00,,no,,34607,,yes,not stated,,Contact Us Learn More Business CD Accounts & Rates Term Interest Rate Annual Percentage Yield (APY) Early Withdrawal Penalties 3-month CD 3.35 % 3.40 % 90 days interest Open Account 6-month CD 3.54 % 3.60 % 180 days interest Open Account 12,https://www.firstib.com/open-account/,,2026-10-05
24,45,First Service Bank,bank,AR,4.00,,no,,18519,,yes,not stated,,Early withdrawal will result in a penalty.,https://firstservicebank.com/cd-account/,,2026-10-05
24,45,Loyal Trust Bank,bank,GA,4.00,,no,,59182,,not stated,not stated,,Early withdrawal penalty may apply.,https://loyaltrustbank.com/wp-content/uploads/2026/08/Aug-3-Rate-Sheet-LTB.pdf,,2026-10-05
24,45,Quaint Oak Bank,bank,PA,4.00,,no,,35497,,not stated,not stated,,Certificates of deposit accounts carry a substantial penalty for early withdrawal.,https://www.quaintoak.com/personal-banking/deposit-products/cd-account/2-year-cd/,,2026-10-05
24,45,Technology Credit Union,credit_union,CA,4.00,,no,,,68383,not stated,not stated,not stated,Penalties will be imposed for early withdrawals.,https://www.techcu.com/Resources/Rates,,2026-10-05
24,54,Northrop Grumman FCU,credit_union,CA,3.97,40000,no,,,24292,not stated,not stated,yes (association),",500 30 Month 3.65% 3.71% $2,500 36 Month 3.75% 3.81% $2,500 48 Month 3.75% 3.81% $2,500 60 Month 3.78% 3.84% $2,500 84 Month 3.30% 3.35% $2,500 Open an Account **A penalty will or may be imposed for early withdrawal *If minimum balance req",https://www.ngfcu.us/rates/savings-rates/certificates,,2026-10-05
24,54,Community Commerce Bank,bank,CA,3.97,,no,,26363,,not stated,not stated,,4 Substantial penalty for early withdrawal.,https://ccombank.com/deposits/,,2026-10-05
24,56,Credit Human,credit_union,TX,3.96,500,no,,,24382,not stated,not stated,not stated,0 and up 3.89% 3.96% 36 - 59 months $500.00 and up 3.91% 3.98% 60 - 83 months $500.00 and up 3.93% 4.00% 84 - 119 months $500.00 and up 3.95% 4.02% 120 months $500.00 and up 3.98% 4.05% Disclosures A penalty will be imposed for early withdr,https://credithuman.com/personal/cds/share-certificates/,,2026-09-24
24,57,Phelps County Bank,bank,MO,3.91,,no,,18841,,yes,not stated,,.70% 12 Month CD 3.75% 3.80% 15 Month CD 3.75% 3.80% 18 Month CD 3.80% 3.85% 24 Month CD 3.85% 3.91% 30 Month CD 3.85% 3.91% 36 Month CD 3.90% 3.96% 48 Month CD 3.90% 3.96% 60 Month CD 3.90% 3.96% *A penalty may be imposed for early withdra,https://www.mypcb.com/rates,,2026-10-05
24,58,Chevron Federal Credit Union,credit_union,CA,3.90,,no,,,24326,yes,Chevron employees working outside the US can join. Other applicants need a US Social Security number.,possibly (association),All certificates are subject to an early withdrawal penalty.,https://www.chevronfcu.org/rates/share-certificate,,2026-10-05
24,59,The Corner Stone Bank,bank,MO,3.85,1000,no,,9388,,not stated,not stated,,"000 3.20% 3.25% Regular IRAs $100 $0 4.75% 4.75% Roth IRAs $100 $0 4.75% 4.75% Educational IRAs $100 $0 1.25% 1.25% 17 Month Special $1,000 $1,000 4.12% 4.20% *Fees could reduce earnings on accounts *Early withdrawal penalties will or may b",https://www.thecornerstonebank.net/deposits/rates,,2026-10-05
24,60,FinWise Bank,bank,UT,3.84,,no,,35323,,yes,not stated,,‡ An early withdrawal penalty may apply for all Certificates of Deposit.,https://www.finwise.bank/wp-content/uploads/2026/04/Online-FW-Savings-Certificate-of-Deposit-Rates-04-10-2026.pdf,,2026-10-05
24,60,Spring Bank,bank,WI,3.84,,no,,58780,,not stated,not stated,,"Penalties for early withdrawal of principal could reduce earnings, whether earned or not.",https://www.springbankwi.bank/current-deposit-rates,,2026-10-05
24,62,Heritage Bank Minnesota,bank,MN,3.80,250,no,,8865,,not stated,not stated,,"CD & IRA Interest Rates Rates current as of December 18, 2025 TYPE OF PRODUCT MINIMUM DEPOSIT INTEREST RATE Annual Percentage Yield (APY)* EARLY WITHDRAWAL PENALTIES (Minimum $25) 3 Month Fixed CD $250 4.10% 4.16% 91 Days Interest 6 Month F",https://heritagebankmn.com/personal/cds-iras/,,2026-10-05
24,62,KS StateBank,bank,KS,3.80,500,no,,19899,,yes,"Accounts are limited to US citizens and US residents, according to the institution's own pages.",,You may be charged a substantial penalty for early withdrawals.,https://www.ksstate.bank/resources/deposit-rates,,2026-10-05
24,62,Andrews Federal Credit Union,credit_union,MD,3.80,10000,no,,,5754,yes,not stated,yes (free American Consumer Council membership),Penalties apply for early withdrawal.,https://www.andrewsfcu.org/rates,,2026-10-05
24,62,Newtek Bank,bank,FL,3.80,,no,,18734,,yes,not stated,,Penalties may apply to early withdrawals.,https://www.newtekbank.com/open-account/,,2026-10-05
24,66,Beacon Community Bank,bank,SC,3.75,,no,,59106,,not stated,not stated,,A penalty of 5 months interest on the amount withdrawn will be imposed for early withdrawals on terms equal to 5 months.,https://www.beacon.bank/personal/banking/interest-rates,,2026-09-28
24,66,Community First National Bank,bank,KS,3.75,,no,,35585,,not stated,not stated,,A penalty may be imposed for early withdrawal on any CD.,https://www.cfnb.bank/document-center.cfm?fx=DEMKIE6MTPPJJWDD,,2026-10-05
24,68,Great North Bank,bank,WI,3.71,,no,,15146,,not stated,not stated,,Early withdrawal penalties may apply.,https://www.greatnorthbank.com/wp-content/uploads/PDF/OAO-Rate.pdf,,2026-10-05
24,69,Twin Cedars Bank,bank,IA,3.70,500,no,,1556,,yes,not stated,,Early withdrawal penalties may apply.,https://www.twincedars.bank/bank-account-rate-sheet,,2026-10-05
24,69,Alliant Credit Union,credit_union,IL,3.70,75000,no,,,67955,not stated,People living outside the US can join if they have a US Social Security number or an ITIN.,yes (foundation),"If you withdraw funds from an Alliant certificate before the maturity date, you may incur an early withdrawal penalty, per the table below.",https://www.alliantcreditunion.org/bank/credit-union-certificate,,2026-10-05
24,69,Customers Bank,bank,PA,3.70,,no,,34444,,yes,not stated,,Penalty for early withdrawal.,https://www.customersbank.com/cds/,,2026-10-05
24,69,Lafayette Federal Credit Union,credit_union,MD,3.70,,no,,,619,not stated,not stated,no (MD DC VA only for the ACC route),to Earn APY 2 Dividend APY 2 1 Early withdrawal penalties may apply.,https://www.lfcu.org/personal/certificates/,,2026-10-05
24,73,Navy Federal Credit Union,credit_union,VA,3.66,,no,,,5536,not stated,not stated,no (military and DoD),Penalties apply for early withdrawals from certificate accounts.,https://www.navyfederal.org/checking-savings/savings/certificates.html,,2026-10-05
24,74,Latino Community Credit Union,credit_union,NC,3.65,500,no,,,68430,yes,not stated,not stated,% 3.50% 18 Months $500 3.55% 3.55% 24 Months $500 3.65% 3.65% 36 Months $500 3.70% 3.70% 48 Months $500 3.73% 3.73% 60 Months $500 3.75% 3.75% The Fine Print The important details Account Limitations/Early Withdrawal Penalties.,https://latinoccu.org/products-and-services/savings/certificates-of-deposit/certificates-of-deposit/,,2026-10-05
24,75,GTE Financial,credit_union,FL,3.61,,no,,,196,not stated,not stated,not stated,While there are no penalties for monthly dividend withdrawals a penalty may be imposed for early withdrawal which could reduce the earnings on the account and/or reduce the principal.,https://www.gtefinancial.org/products/share-certificates,,2026-10-05
24,76,Georgia's Own Credit Union,credit_union,GA,3.60,500,no,,,67390,yes,"Opening an account requires a US Social Security number, according to the institution's own pages.",no (counties or family),Partial balance withdrawals are subject to an early withdrawal penalty.,https://www.georgiasown.org/rates/rates,,2026-10-05
24,76,Ponce Bank,bank,NY,3.60,1000,no,,31189,,not stated,not stated,,A penalty may be imposed for withdrawals before maturity on CDs.,https://www.poncebank.com/rates,,2026-10-05
24,76,UniBank,bank,WA,3.60,1000,no,,58407,,not stated,not stated,,All certificate of deposits and IRA's are subject to an interest penalty for early withdrawal of principal.,https://www.unibankusa.com/deposit/resources/deposit-rates,,2026-10-05
24,76,First State Bank of Bigfork,bank,MN,3.60,45000,no,,10991,,yes,not stated,,1 Penalty of 30 days interest is imposed on early withdrawal.,https://www.fsbbigfork.com/services-tools/helpful-tools/rates.html,,2026-10-05
24,76,Air Force Federal Credit Union (Vibrant),credit_union,,3.60,,no,,,,yes,not stated,not stated,out Certificates 6 $300 minimum opening deposit for all regular share and IRA accounts; $5 minimum deposit for youth club members under 18 years of age 7 Fees could reduce earnings on the account 8 A penalty will be imposed for early withdr,https://www.freedomfcu.org/rates/,,2026-10-05
24,81,Sidney Federal Credit Union,credit_union,NY,3.59,,no,,,6011,yes,not stated,no (counties),,https://sfcuonline.org/accounts/share-certificates/,,2026-10-05
24,82,Compass Savings Bank,bank,PA,3.56,500,no,,29430,,not stated,not stated,,Months Minimum Balance Rate APY* 6 $500 3.75% 3.82% 12 $500 3.85% 3.92% 18 $500 3.50% 3.56% 24 $500 3.50% 3.56% 36 $500 3.15% 3.20% 60 $500 3.15% 3.20% * Annual Percentage Yield Penalty may apply for early withdrawal and reduce earnings.,https://compassbank.us/savings-rates/,,2026-10-05
24,83,Crews Bank & Trust,bank,FL,3.55,500,no,,8021,,yes,not stated,,A penalty is imposed for early withdrawal from a Time Deposit.,https://www.crews.bank/hubfs/_CBT/PDFs/Deposits%20Rate%20Sheet.pdf,,2026-10-05
24,83,Garden Plain State Bank,bank,KS,3.55,1000,no,,19687,,not stated,not stated,,,https://www.gpsbank.com/deposit-rates,,2026-10-05
24,83,Security Bank,bank,OK,3.55,,no,,4178,,not stated,not stated,,A penalty may be imposed for early withdrawal from a Certificate of Deposit.,https://www.sbtulsa.bank/Current-Rates,,2026-10-05
24,86,"Academy Bank, National Association",bank,MO,3.51,500,no,,19600,,not stated,not stated,,"If not a CD, then should I try a Money Market All 3 * Annual Percentage Yield 1 A penalty may be imposed for early withdrawal.",https://www.academybank.com/personal/save/certificate-of-deposit,,2026-10-05
24,87,Abound Credit Union,credit_union,KY,3.50,500,no,,,7000,yes,not stated,not stated,,https://www.aboundcu.com/community-support/get-in-touch/rates/deposit-rates,,2026-10-05
24,87,Cross River Bank,bank,NJ,3.50,500,no,,58410,,not stated,not stated,,CDs are subject to penalty for early withdrawal.,https://www.crossriver.com/personal-banking,,2026-10-05
24,87,The First State Bank of Rosemount,bank,MN,3.50,500,no,,9769,,not stated,not stated,,36 Month Roth IRA $500 3.00% 3.00% Annual 5 Year Roth IRA $500 3.00% 3.00% Annual † Variable Rate (Rate may be subject to change) * Fees could reduce earnings ** Minimum to earn interest Substantial penalty for early withdrawal of certifica,https://www.fsbrosemount.com/financial-tools/rates,,2026-10-05
24,87,Forbright Bank,bank,MD,3.50,1000,no,,57614,,not stated,not stated,,Early withdrawal penalties apply to all Certificates of Deposit.,https://www.forbrightbank.com/personal-banking/growth-cd/,,2026-10-05
24,87,Home Bank and Trust Company,bank,KS,3.50,1000,no,,4664,,not stated,not stated,,,https://homebank-trust.com/rates/,,2026-10-05
24,87,Mercantile Bank,bank,MI,3.50,,no,,34598,,not stated,not stated,,Subject to early withdrawal pen alty when principal is withdrawn prior to maturity.,https://mercbank.com/personal-banking/cds/merc,,2026-10-05
24,87,Presidential Bank,bank,MD,3.50,,no,,32363,,no,Nonresident aliens may be able to open an account in person at a branch.,,A penalty is imposed for early withdrawal.,https://www.presidential.com/personal/banking/cds,,2026-10-05
24,87,Seattle Bank,bank,WA,3.50,,no,,35139,,yes,not stated,,Penalty assessed for early withdrawal.,https://www.seattlebank.com/personal/personal-banking/certificates-of-deposit-cd.html,,2026-10-05
24,95,Justice Federal Credit Union,credit_union,VA,3.41,100000,no,,,151,not stated,not stated,not stated,Certificate is subject to penalty for early withdrawal.,https://www.jfcu.org/rates,,2026-10-05
24,96,"Happen Bank, National Association",bank,UT,3.40,,no,,32551,,yes,not stated,,"Monthly withdrawals of earned interest are permitted, however any withdrawals of principal balances would only be allowed at the banks discretion and may incur early withdrawal fees.",https://www.happen.com/personal-banking/savings/certificate-of-deposit,,2026-10-05
24,96,Northeast Bank,bank,ME,3.40,,no,,19690,,yes,not stated,,Early withdrawal penalties may apply.,https://www.northeastbank.com/personal-cds-iras,,2026-10-05
24,98,First Federal Savings Bank,bank,IN,3.38,500,no,,29056,,not stated,not stated,,A penalty will be imposed for early withdrawal.,https://www.firstfedsavings.bank/current-rates/,,2026-10-05
24,99,First Community Credit Union,credit_union,MO,3.35,500,no,,,67619,not stated,"Accounts are limited to US citizens and US residents, according to the institution's own pages.",not stated (employer or association groups),Certificates have substantial penalties for early withdrawal.,https://www.firstcommunity.com/services-tools/tools/rates.html,,2026-10-05
24,99,Texas Heritage National Bank,bank,TX,3.35,1000,no,,3161,,not stated,not stated,,,https://www.thnb.bank/resources/interest-rates/,,2026-10-05
24,101,Central State Bank,bank,IA,3.33,1500,no,,10903,,not stated,not stated,,Early withdrawal penalty fees may apply on Certificates of Deposits 6 to 60 months Savings and NOW Checking Accounts Savings accounts provide a straightforward way to earn interest while maintaining liquidity.,https://www.centralstatebankia.com/personal/rates,,2026-10-05
24,102,First PREMIER Bank,bank,SD,3.30,500,no,,6085,,not stated,not stated,,"% APY 3.35% CD Term 48 to < 60 Months 2,3 Minimum Opening Deposit $500.00 Interest Rate 3.40% APY 3.40% CD Term 60 to < 72 Months 2,3 Minimum Opening Deposit $500.00 Interest Rate 3.45% APY 3.45% 2 A penalty may be imposed for early withdra",https://www.firstpremier.com/en/personal/savings-and-cds/certificates-of-deposit/,,2026-10-05
24,102,KodaBank,bank,ND,3.30,1000,no,,8386,,not stated,not stated,,"$25,000 - $99,999* $100,000+* 3.30% 3.40% 3.50% 3.30% 3.40% 3.50% 60 Month: $1,000 - $24,999* $25,000 - $99,999* $100,000+* 3.40% 3.50% 3.60% 3.40% 3.50% 3.60% Rates Effective September 29th, 2026 *A penalty may be imposed for early withdra",https://www.kodabank.com/personal/save-and-spend/cds-and-iras,,2026-10-05
24,102,Bradesco Bank,bank,FL,3.30,,no,,21265,,not stated,not stated,,"If funds are withdrawn within six (6) days of the date of deposit, an early withdrawal penalty of seven (7) days’ simple interest on the amount withdrawn will be charged.",https://bradescobank.com/es/certificate-of-deposit-bradesco/,,2026-10-05
24,102,Kinecta Federal Credit Union,credit_union,CA,3.30,,no,,,4142,not stated,not stated,not stated,There is a substantial penalty for early withdrawal of certificate funds.,https://www.kinecta.org/rates,,2026-10-05
24,102,Liberty Federal Credit Union,credit_union,IN,3.30,,no,,,1682,yes,not stated,not stated,,https://www.libertyfcu.org/deposit-rates,,2026-10-05
24,102,SECU Maryland,credit_union,MD,3.30,,no,,,66330,not stated,not stated,not stated,Early withdrawal penalties may apply.,https://www.secumd.org/personal/banking/savings/cds/,,2026-10-05
24,108,American Express National Bank,bank,UT,3.25,0,no,,27471,,not stated,not stated,,rawn with no penalty  -  great for unexpected challenges Explore HYSA Certificate of Deposit Account Know exactly how much your investment will earn A fixed APY protects you from falling interest rates Early withdrawal fee helps reinforce a,https://www.americanexpress.com/en-us/banking/online-savings/cd/,,2026-09-24
24,108,Freedom Bank of Southern Missouri,bank,MO,3.25,250,no,,35276,,not stated,not stated,,"Savings ++ $5 $0 0.40% 0.40% Business Savings ++ $100 $0 - - Tier 1 <$50,000.00 - $0 0.35% - Tier 2 $50,000.00 - $50,000 0.45% - Tier 3 $100,000.00 - $100,000 0.55% - APY = Annual Percentage Yield *A penalty may be imposed for early withdra",https://www.freedombk.com/deposit,,2026-10-05
24,108,Great Plains State Bank,bank,NE,3.25,500,no,,14058,,not stated,not stated,,2 Months $500 3.41% 3.45% 15 Months $500 4.09% 4.15% 18 Months $500 3.41% 3.45% 24 Months $500 3.21% 3.25% 36 Months $500 3.21% 3.25% 48 Months $500 3.26% 3.30% 60 Months $500 3.31% 3.35% Substantial penalty will be imposed for early withdr,https://gpsbanks.com/rates/,,2026-10-05
24,108,DCU (trade name of First Technology FCU in the NCUA file),credit_union,CA,3.25,,no,,,23521,not stated,not stated,yes (one-time donation),A penalty may be imposed for early withdrawal.,https://www.dcu.org/bank/certificates/regular-certificates.html,,2026-10-05
24,108,"T Bank, National Association",bank,TX,3.25,,no,,57703,,yes,not stated,,CDs & IRAs are subject to a early withdrawal penalty.,https://t.bank/home/current-rates/,,2026-10-05
24,113,PenFed Credit Union,credit_union,VA,3.20,,no,,,227,not stated,not stated,not stated,,https://www.penfed.org/certificates/money-market,,2026-09-24
24,114,First Bank of the Lake,bank,MO,3.15,,no,,26960,,not stated,not stated,,Penalty may be imposed for early withdrawal.,https://www.fblake.bank/rates/,,2026-10-05
24,115,Clinton Bank,bank,KY,3.14,10000,yes,,304,,not stated,not stated,,"IFICATE OF DEPOSIT $10,000.00 $ 10,000.00 3.10% 3.14% 18 MONTH INDIVIDUAL RETIREMENT ACCOUNT'' $ 500.00 $ 500.00 3.00% 3.03% 30 MONTH INDIVIDUAL RETIREMENT ACCOUNT' $ 500.00 $ 500.00 4.30% 4.37% a) A penalty may be imposed for early withdra",https://www.clintonbankky.com/home/fiFiles/static/documents/weeklydepositrates.pdf,,2026-10-05
24,116,Boonville Federal Savings Bank,bank,IN,3.09,500,no,,30128,,not stated,not stated,,"CDS Term Interest Rate* APY** Minimum Deposit Early Withdrawal Penalty 91 Days 0.05% 0.05% $1,000.00 91 Days 182 Days 0.20% 0.20% $1,000.00 91 Days 09 Months 0.05% 0.05% $1,000.00 91 Days 12 Months 0.95% 0.95% $500.00 180 Days 18 Months 0.3",https://boonville.bank/lending/current-rates/,,2026-10-05
24,117,DLP Bank,bank,FL,3.05,,no,,17734,,not stated,not stated,,1 Penalty for early withdrawal may apply.,https://www.dlp.bank/personal/personal-savings/certificates-of-deposit-cds.html,,2026-10-05
24,118,The Bank of Old Monroe,bank,MO,3.03,,no,,1655,,not stated,not stated,,Certificates of deposit may be subject to penalty for early withdrawal.,https://www.bankofoldmonroe.com/bank-rates/,,2026-10-05
24,119,Ally Bank,bank,UT,3.00,0,no,,57803,,not stated,"Opening an account requires a US Social Security number, according to the institution's own pages.",,"High Yield CD AVAILABLE TERMS 2.8% correct as of 10/01/26 Choose from a variety of terms each offering a competitive, fixed rate Early withdrawal penalty will apply APY is fixed for the term of the CD but subject to change upon renewal No m",https://www.ally.com/bank/cd-rates/,,2026-10-05
24,119,First Bank of Central Ohio,bank,OH,3.00,500,no,,59249,,not stated,not stated,,Early withdrawal penalties may apply.* Indicates minimum average balance to keep in account to avoid incursion of fees.,https://www.fbcentralohio.com/rates/,,2026-10-05
24,119,Homewood Federal Savings Bank,bank,MD,3.00,500,no,,31267,,not stated,not stated,,Member FDIC A penalty may be imposed for early withdrawal on certificates of deposit.,https://www.homewoodfsb.com/deposit-rates/,,2026-10-05
24,119,Service Credit Union,credit_union,,3.00,500,no,,,,not stated,not stated,not stated,Penalty for early withdrawal.,https://servicecu.org/rates/,,2026-10-05
24,119,United Republic Bank,bank,NE,3.00,1000,no,,58359,,not stated,not stated,,"$1,000 4.16% 4.25% 15-month Special $1,000 $1,000 4.07% 4.15% Jumbo deposits are negotiable | Bank has the right to limit deposits | All rates listed may change daily ** A penalty may be assessed for early withdrawal.",https://www.unitedrepublic.bank/deposit-rates,,2026-10-05
24,119,Citizens Access,bank,RI,3.00,,no,,57957,,not stated,not stated,,,https://www.secure.citizensaccess.com/Citizens/customer-service/rate-sheet,,2026-09-24
24,119,Commercial State Bank,bank,NE,3.00,,no,,13819,,not stated,not stated,,"% 1.45%** $25,000 - $49,999.99 1.54% 1.55%** $50,000 - and up 1.69% 1.70%** IRA 3.21% 3.25%* Rates may change after a variable account has been opened Certificates of Deposit ($1,000 Minimum Deposit, Penalty for Early Withdrawal) Type of Ac",https://www.wausabank.com/resources/rates,,2026-10-05
36,1,Raymond James Bank,bank,FL,5.05,1000,no,,33893,,not stated,not stated,,There is a substantial penalty for early withdrawal.,https://www.raymondjamesbank.com/deposit-accounts,"Rates effective September 18, 2026 per the bank's deposit page. Minimum $1,000, or $2,000 if bought through a Raymond James brokerage account. Rates by phone at 800.718.2265, option 4, or through an advisor.",2026-10-05
36,2,Popular Direct,bank,NY,4.80,,no,,34967,,yes,not stated,,A penalty will be imposed for early withdrawal.,https://www.populardirect.com/,,2026-10-05
36,3,BTG Pactual Bank,bank,NY,4.55,500,no,,35154,,yes,The posted CD rate is for US citizens and resident aliens. Residents of Brazil and Chile who are BTG Pactual clients can open a US dollar account held at Regent Bank.,,Early withdrawal penalties may apply (except No-Penalty CDs).,https://www.btgpactual.us/banking/certificates-of-deposit,,2026-10-05
36,4,Credit Union of Southern California,credit_union,CA,4.50,25,no,,,24983,not stated,not stated,no (local or relative),A penalty may be imposed for early withdrawals.,https://www.cusocal.org/loans/personal/rates/,,2026-10-05
36,5,NASA Federal Credit Union,credit_union,MD,4.45,1000,no,,,6328,not stated,not stated,not stated,Limitations: Early withdrawal penalties apply and may reduce earnings.,https://www.nasafcu.com/rates-and-fees/checking-savings/share-certificate-rates,,2026-10-05
36,5,Bank of Deerfield,bank,WI,4.45,2500,no,,2477,,not stated,not stated,,", IRAs, and HSA**⁵ Term Minimum to Open Account Minimum Balance to Obtain APY Interest Rate Annual Percentage Yield 25 Month $2,500 $2,500 4.34% 4.39% 36 Month $2,500 $2,500 4.40% 4.45% ¹ Substantial Penalty for Early Withdrawal ² Advertise",https://www.bankofdeerfield.bank/resources/deposit-rates,,2026-10-05
36,5,Sallie Mae Bank,bank,UT,4.45,2500,no,,58177,,not stated,not stated,,A penalty may be charged for early withdrawal.,https://www.salliemae.com/savings/rate-table/,,2026-10-05
36,5,First National Bank of America,bank,MI,4.45,,no,,17438,,yes,not stated,,A penalty may be imposed for early withdrawal.,https://www.fnba.com/deposit-rates/,,2026-10-05
36,9,Marcus by Goldman Sachs,bank,NY,4.40,500,no,,33124,,yes,not stated,,Choose the term that works for you Annual Percentage Yield Minimum Deposit Early Withdrawal Penalty Annual Percentage Yield Minimum Deposit Early Withdrawal Penalty 6 months High-Yield CD 3.95% $500 Yes 9 months High-Yield CD 4.30% $500 Yes,https://www.marcus.com/us/en/savings/high-yield-cds,,2026-10-05
36,9,Prime Alliance Bank,bank,UT,4.40,500,no,,57920,,yes,not stated,,Penalties assessed for early withdrawal.,https://www.primealliance.bank/cds-2,,2026-10-05
36,9,Bread Savings,bank,UT,4.40,1500,no,,57570,,not stated,not stated,,A penalty will be imposed for early withdrawals on CDs.,https://www.breadfinancial.com/en/bread-savings/certificates-of-deposit.html,,2026-09-24
36,9,MapleMark Bank,bank,OK,4.40,,no,,3182,,not stated,not stated,,"Early withdrawal penalties may apply, including up to six months of interest.",https://maplemarkbank.com/,,2026-10-05
36,13,Putnam County State Bank,bank,MO,4.39,,no,,22895,,not stated,not stated,,,https://www.putnamcountystatebank.com/cd-rates,,2026-10-05
36,14,Farmers and Merchants Bank,bank,NE,4.37,,no,,14275,,yes,not stated,,ates of Deposit Learn More Month Rate APY 3 Month 4.00% 4.06% 6 Month 4.00% 4.06% 12 Month 4.10% 4.16% 24 Month 4.20% 4.27% 36 Month 4.30% 4.37% 48 Month 4.30% 4.37% 60 Month 4.30% 4.37% Penalty with early withdrawal Find Us Contact Us Find,https://www.fmbmilligan.com/services-tools/tools/rates.html,,2026-10-05
36,15,Signal Financial FCU,credit_union,MD,4.35,500,no,,,5571,not stated,not stated,yes (donation),Penalties apply for early withdrawal.,https://www.signalfinancialfcu.org/deposit-rates,,2026-10-05
36,15,Tower Federal Credit Union,credit_union,MD,4.35,500,no,,,8333,not stated,not stated,not stated,Withdrawal of the Share Certificate funds before the maturity date will incur an early withdrawal penalty.,https://www.towerfcu.org/rates/deposit-rates,,2026-10-05
36,17,Grant County State Bank,bank,IN,4.32,1000,no,,15687,,not stated,not stated,,"mum Deposit Interest Rate Annual Percentage Yield NOW Checking Account* $1,500.00 0.25% 0.25% Health Savings Account* $1,000.00 minimum balance required to obtain APY $50.00 0.00% 0.00% A substantial penalty may be imposed for early withdra",https://www.grantcostatebank.com/resources/rates,,2026-10-05
36,18,Synchrony Bank,bank,UT,4.30,0,no,,27314,,not stated,not stated,,% APY * High Yield Savings (HYS) No minimum balance Explore High Yield Savings % APY * Money Market Account (MMA) No minimum balance Explore Money Market Account FAQs View all FAQs Is there an early withdrawal penalty for CDs? Penalty Amoun,https://api.syf.com/v1/retailBank/products?serviceLevel=0000000,,2026-09-24
36,18,CFG Bank,bank,MD,4.30,500,no,,34294,,yes,not stated,,A $500 minimum daily balance is required to obtain the Annual Percentage Yield (APY) * Early withdrawal penalties may apply.,https://www.cfg.bank/personal-banking/personal-deposit-rates/,,2026-10-05
36,18,Citizens Bank & Trust Company,bank,KY,4.30,500,no,,15675,,not stated,not stated,,Penalty may be imposed for early withdrawal.,https://www.cbtky.com/personal/certificate-of-deposit-rates,,2026-10-05
36,21,First Pryority Bank,bank,OK,4.25,1000,no,,4185,,not stated,not stated,,Early withdrawal penalties of 12 months apply.,https://pryority.bank/deposit-rates/,,2026-09-28
36,21,Hanscom Federal Credit Union,credit_union,MA,4.25,,no,,,9095,not stated,not stated,not stated,Early withdrawal penalties may apply to certificates.,https://www.hfcu.org/rates/account-rates.html,,2026-10-05
36,21,VisionBank,bank,MN,4.25,,no,,58063,,not stated,not stated,,"nth a,c Create Account 4.18% 4.25% 30 Month a,c Create Account 4.18% 4.25% 36 Month a,c Create Account 4.18% 4.25% 48 Month a,c Create Account 4.18% 4.25% 60 Month a,c Create Account 4.18% 4.25% a) A penalty may be imposed for early withdra",https://bankwithvision.com/rates/,,2026-10-05
36,24,Directions Credit Union,credit_union,OH,4.18,500,no,,,60978,not stated,not stated,no (counties),Penalty for early withdrawal.,https://directionscu.org/personal/save/savings-certificates/checking-savings-rates/,,2026-10-05
36,25,Mountain America Credit Union,credit_union,UT,4.15,500,no,,,24692,not stated,not stated,no (listed states),,https://www.macu.com/rates/certificates,,2026-09-24
36,26,Gulf Coast Business Bank,bank,FL,4.13,5000,no,,59281,,not stated,not stated,,Early withdrawal penalties may apply.,https://www.gcbbswfl.com/resources/rates,,2026-10-05
36,27,Greater Nevada Credit Union,credit_union,NV,4.12,,no,,,68228,not stated,not stated,no (Nevada),A penalty may be imposed for withdrawals before maturity.,https://www.gncu.org/banking/account-rates/,,2026-10-05
36,28,Navy Federal Credit Union,credit_union,VA,4.10,,no,,,5536,not stated,not stated,no (military and DoD),Penalties apply for early withdrawals from certificate accounts.,https://www.navyfederal.org/checking-savings/savings/certificates.html,,2026-10-05
36,29,Bank of the Flint Hills,bank,KS,4.06,,no,,4791,,not stated,not stated,,A penalty may be imposed for early withdrawal.,https://www.bfh.bank/personal/deposit-rates,,2026-10-05
36,30,Ally Bank,bank,UT,4.00,0,no,,57803,,not stated,"Opening an account requires a US Social Security number, according to the institution's own pages.",,"High Yield CD AVAILABLE TERMS 2.8% correct as of 10/01/26 Choose from a variety of terms each offering a competitive, fixed rate Early withdrawal penalty will apply APY is fixed for the term of the CD but subject to change upon renewal No m",https://www.ally.com/bank/cd-rates/,,2026-10-05
36,30,Quorum Federal Credit Union,credit_union,NY,4.00,100,no,,,22769,yes,not stated,not stated,A penalty will be imposed if funds are withdrawn prior to maturity date.,https://www.quorumfcu.org/rates,,2026-10-05
36,30,First Internet Bank of Indiana,bank,IN,4.00,,no,,34607,,yes,not stated,,Contact Us Learn More Business CD Accounts & Rates Term Interest Rate Annual Percentage Yield (APY) Early Withdrawal Penalties 3-month CD 3.35 % 3.40 % 90 days interest Open Account 6-month CD 3.54 % 3.60 % 180 days interest Open Account 12,https://www.firstib.com/open-account/,,2026-10-05
36,30,Loyal Trust Bank,bank,GA,4.00,,no,,59182,,not stated,not stated,,Early withdrawal penalty may apply.,https://loyaltrustbank.com/wp-content/uploads/2026/08/Aug-3-Rate-Sheet-LTB.pdf,,2026-10-05
36,34,Credit Human,credit_union,TX,3.98,500,no,,,24382,not stated,not stated,not stated,0 and up 3.89% 3.96% 36 - 59 months $500.00 and up 3.91% 3.98% 60 - 83 months $500.00 and up 3.93% 4.00% 84 - 119 months $500.00 and up 3.95% 4.02% 120 months $500.00 and up 3.98% 4.05% Disclosures A penalty will be imposed for early withdr,https://credithuman.com/personal/cds/share-certificates/,,2026-09-24
36,35,Northrop Grumman FCU,credit_union,CA,3.97,40000,no,,,24292,not stated,not stated,yes (association),",500 30 Month 3.65% 3.71% $2,500 36 Month 3.75% 3.81% $2,500 48 Month 3.75% 3.81% $2,500 60 Month 3.78% 3.84% $2,500 84 Month 3.30% 3.35% $2,500 Open an Account **A penalty will or may be imposed for early withdrawal *If minimum balance req",https://www.ngfcu.us/rates/savings-rates/certificates,,2026-10-05
36,36,Phelps County Bank,bank,MO,3.96,,no,,18841,,yes,not stated,,.70% 12 Month CD 3.75% 3.80% 15 Month CD 3.75% 3.80% 18 Month CD 3.80% 3.85% 24 Month CD 3.85% 3.91% 30 Month CD 3.85% 3.91% 36 Month CD 3.90% 3.96% 48 Month CD 3.90% 3.96% 60 Month CD 3.90% 3.96% *A penalty may be imposed for early withdra,https://www.mypcb.com/rates,,2026-10-05
36,37,USALLIANCE Financial,credit_union,NY,3.95,500,yes,,,17587,not stated,not stated,not stated,"Dividend Savings Certificate Accounts Certificate Account products (similar to CDs) are available for Individual Retirement Accounts (IRAs), with the exception of the 11 Month Special Certificate (No Early Withdrawal Penalty).",https://www.usalliance.org/about-us/rates/savings-rates,,2026-10-05
36,38,Chevron Federal Credit Union,credit_union,CA,3.90,,no,,,24326,yes,Chevron employees working outside the US can join. Other applicants need a US Social Security number.,possibly (association),All certificates are subject to an early withdrawal penalty.,https://www.chevronfcu.org/rates/share-certificate,,2026-10-05
36,39,Community Commerce Bank,bank,CA,3.87,,no,,26363,,not stated,not stated,,4 Substantial penalty for early withdrawal.,https://ccombank.com/deposits/,,2026-10-05
36,40,FinWise Bank,bank,UT,3.84,,no,,35323,,yes,not stated,,‡ An early withdrawal penalty may apply for all Certificates of Deposit.,https://www.finwise.bank/wp-content/uploads/2026/04/Online-FW-Savings-Certificate-of-Deposit-Rates-04-10-2026.pdf,,2026-10-05
36,40,Spring Bank,bank,WI,3.84,,no,,58780,,not stated,not stated,,"Penalties for early withdrawal of principal could reduce earnings, whether earned or not.",https://www.springbankwi.bank/current-deposit-rates,,2026-10-05
36,42,First Bank,bank,FL,3.82,2500,no,,9620,,not stated,not stated,,"the Team Details CDARS Rates Calculator Fixed rates, higher than standard savings Provides more guarantee than risky investments Set aside for future savings goals No setup or monthly service charges Early withdrawals subject to penalty $2,",https://www.first1bank.com/personal/personal-savings/certificates-of-deposit-cds.html,,2026-10-05
36,42,Balboa Thrift and Loan Association,bank,CA,3.82,,no,,26704,,not stated,not stated,,An early withdrawal penalty equal to three (3) months of interest may be imposed for early withdrawals.,https://www.balboathrift.com/deposits/deposit-rates,,2026-10-05
36,44,KS StateBank,bank,KS,3.80,500,no,,19899,,yes,"Accounts are limited to US citizens and US residents, according to the institution's own pages.",,You may be charged a substantial penalty for early withdrawals.,https://www.ksstate.bank/resources/deposit-rates,,2026-10-05
36,44,Andrews Federal Credit Union,credit_union,MD,3.80,10000,no,,,5754,yes,not stated,yes (free American Consumer Council membership),Penalties apply for early withdrawal.,https://www.andrewsfcu.org/rates,,2026-10-05
36,44,Leighton State Bank,bank,IA,3.80,,no,,10118,,not stated,not stated,,p 3.75% 3.80% Quarterly 4 Year Step 3.50% 3.55% Quarterly 5 Year 3.50% 3.53% Semi-Annually * Annual Percentage Yield (APY) Rates effective 8/24/2026 and subject to change $500 minimum balance for CDs Early withdrawal penalties may apply.,https://leightonbank.com/bank-with-us/personal/cds-iras-and-hsas/,,2026-10-05
36,44,Newtek Bank,bank,FL,3.80,,no,,18734,,yes,not stated,,Penalties may apply to early withdrawals.,https://www.newtekbank.com/open-account/,,2026-10-05
36,48,Visions Federal Credit Union,credit_union,NY,3.75,500,no,,,17429,not stated,not stated,not stated,Should the early withdrawal amount during the life of the certificate exceed the original balance the Credit Union will require that the entire balance be withdrawn and subject to penalty.,https://www.visionsfcu.org/rates/ira-rates,,2026-10-05
36,48,Community First National Bank,bank,KS,3.75,,no,,35585,,not stated,not stated,,A penalty may be imposed for early withdrawal on any CD.,https://www.cfnb.bank/document-center.cfm?fx=DEMKIE6MTPPJJWDD,,2026-10-05
36,48,Ent Credit Union,credit_union,,3.75,,no,flex,,,not stated,not stated,not stated,Individual Retirement Account (IRA) Annual contribution limits apply and penalties may apply for early withdrawal.,https://www.ent.com/rates/,,2026-10-05
36,48,Technology Credit Union,credit_union,CA,3.75,,no,,,68383,not stated,not stated,not stated,Penalties will be imposed for early withdrawals.,https://www.techcu.com/Resources/Rates,,2026-10-05
36,52,GTE Financial,credit_union,FL,3.71,,no,,,196,not stated,not stated,not stated,While there are no penalties for monthly dividend withdrawals a penalty may be imposed for early withdrawal which could reduce the earnings on the account and/or reduce the principal.,https://www.gtefinancial.org/products/share-certificates,,2026-10-05
36,53,Latino Community Credit Union,credit_union,NC,3.70,500,no,,,68430,yes,not stated,not stated,% 3.50% 18 Months $500 3.55% 3.55% 24 Months $500 3.65% 3.65% 36 Months $500 3.70% 3.70% 48 Months $500 3.73% 3.73% 60 Months $500 3.75% 3.75% The Fine Print The important details Account Limitations/Early Withdrawal Penalties.,https://latinoccu.org/products-and-services/savings/certificates-of-deposit/certificates-of-deposit/,,2026-10-05
36,53,State Bank of Bottineau,bank,ND,3.70,2500,no,,9121,,not stated,not stated,,"3.79% a 60 MONTH CD $ 100.00 3.75% 3.79% a, b 21 MONTH RATE WATCH CD $ 2,500.00 3.60% 3.65% a, b 36 MONTH RATE WATCH CD $ 2,500.00 3.65% 3.70% a, b 57 MONTH RATE WATCH CD $ 2,500.00 3.70% 3.75% a) A penalty may be imposed for early withdraw",https://www.statebankofbottineau.com/assets/files/wbJLgSoZ,,2026-10-05
36,53,Alliant Credit Union,credit_union,IL,3.70,75000,no,,,67955,not stated,People living outside the US can join if they have a US Social Security number or an ITIN.,yes (foundation),"If you withdraw funds from an Alliant certificate before the maturity date, you may incur an early withdrawal penalty, per the table below.",https://www.alliantcreditunion.org/bank/credit-union-certificate,,2026-10-05
36,53,Air Force Federal Credit Union (Vibrant),credit_union,,3.70,,no,,,,yes,not stated,not stated,out Certificates 6 $300 minimum opening deposit for all regular share and IRA accounts; $5 minimum deposit for youth club members under 18 years of age 7 Fees could reduce earnings on the account 8 A penalty will be imposed for early withdr,https://www.freedomfcu.org/rates/,,2026-10-05
36,53,Beacon Community Bank,bank,SC,3.70,,no,,59106,,not stated,not stated,,A penalty of 5 months interest on the amount withdrawn will be imposed for early withdrawals on terms equal to 5 months.,https://www.beacon.bank/personal/banking/interest-rates,,2026-09-28
36,53,Commerce Bank & Trust,bank,FL,3.70,,no,,57429,,not stated,not stated,,²A penalty may be imposed for early withdrawal.,https://cbtfl.com/about-us/rates/,,2026-10-05
36,53,Second Federal Savings and Loan Association of Philadelphia,bank,PA,3.70,,no,,29627,,not stated,not stated,,Certificates of Deposit carry a penalty for early withdrawal.,https://secondfed.com/rates/,,2026-10-05
36,60,ESB Financial,bank,KS,3.65,,no,,16629,,not stated,not stated,,Greater earnings than standard savings Receive higher rates by selecting a longer term Provides more guarantee than other risky investments A wide range of terms available (from 3 months to 5 years) Penalty for early withdrawal FDIC insured,https://www.esbfinancial.com/banking/personal-banking/personal-savings/certificates-of-deposit-cds.html,,2026-10-05
36,60,Lafayette Federal Credit Union,credit_union,MD,3.65,,no,,,619,not stated,not stated,no (MD DC VA only for the ACC route),to Earn APY 2 Dividend APY 2 1 Early withdrawal penalties may apply.,https://www.lfcu.org/personal/certificates/,,2026-10-05
36,62,Crews Bank & Trust,bank,FL,3.60,500,no,,8021,,yes,not stated,,A penalty is imposed for early withdrawal from a Time Deposit.,https://www.crews.bank/hubfs/_CBT/PDFs/Deposits%20Rate%20Sheet.pdf,,2026-10-05
36,62,State Savings Bank,bank,IA,3.60,2000,no,,248,,not stated,not stated,,Substantial penalty for early withdrawal.,https://www.ssb.bank/personal/current-rates,,2026-10-05
36,62,First State Bank of Bigfork,bank,MN,3.60,45000,no,,10991,,yes,not stated,,1 Penalty of 30 days interest is imposed on early withdrawal.,https://www.fsbbigfork.com/services-tools/helpful-tools/rates.html,,2026-10-05
36,65,Garden Plain State Bank,bank,KS,3.55,1000,no,,19687,,not stated,not stated,,,https://www.gpsbank.com/deposit-rates,,2026-10-05
36,65,The Corner Stone Bank,bank,MO,3.55,1000,no,,9388,,not stated,not stated,,"000 3.20% 3.25% Regular IRAs $100 $0 4.75% 4.75% Roth IRAs $100 $0 4.75% 4.75% Educational IRAs $100 $0 1.25% 1.25% 17 Month Special $1,000 $1,000 4.12% 4.20% *Fees could reduce earnings on accounts *Early withdrawal penalties will or may b",https://www.thecornerstonebank.net/deposits/rates,,2026-10-05
36,65,Security Bank,bank,OK,3.55,,no,,4178,,not stated,not stated,,A penalty may be imposed for early withdrawal from a Certificate of Deposit.,https://www.sbtulsa.bank/Current-Rates,,2026-10-05
36,68,Beach Cities Commercial Bank,bank,CA,3.54,2500,no,,59290,,not stated,not stated,,Any withdrawal of principal or interest prior to maturity will reduce overall earnings and trigger an Early Withdrawal Penalty.,https://beachcitiescb.com/Rates/,,2026-10-05
36,69,Great North Bank,bank,WI,3.53,,no,,15146,,not stated,not stated,,Early withdrawal penalties may apply.,https://www.greatnorthbank.com/wp-content/uploads/PDF/OAO-Rate.pdf,,2026-10-05
36,70,"Academy Bank, National Association",bank,MO,3.51,500,no,,19600,,not stated,not stated,,"If not a CD, then should I try a Money Market All 3 * Annual Percentage Yield 1 A penalty may be imposed for early withdrawal.",https://www.academybank.com/personal/save/certificate-of-deposit,,2026-10-05
36,71,Cross River Bank,bank,NJ,3.50,500,no,,58410,,not stated,not stated,,CDs are subject to penalty for early withdrawal.,https://www.crossriver.com/personal-banking,,2026-10-05
36,71,Home Bank and Trust Company,bank,KS,3.50,1000,no,,4664,,not stated,not stated,,,https://homebank-trust.com/rates/,,2026-10-05
36,71,Pathway Bank,bank,NE,3.50,1000,no,,1992,,not stated,not stated,,Substantial Penalty for Early Withdrawal.,https://www.pathwaybank.com/cds-iras-hsas,,2026-10-05
36,71,Seattle Bank,bank,WA,3.50,,no,,35139,,yes,not stated,,Penalty assessed for early withdrawal.,https://www.seattlebank.com/personal/personal-banking/certificates-of-deposit-cd.html,,2026-10-05
36,75,Quaint Oak Bank,bank,PA,3.45,,no,,35497,,not stated,not stated,,Certificates of deposit accounts carry a substantial penalty for early withdrawal.,https://www.quaintoak.com/personal-banking/deposit-products/cd-account/2-year-cd/,,2026-10-05
36,76,UniBank,bank,WA,3.40,1000,no,,58407,,not stated,not stated,,All certificate of deposits and IRA's are subject to an interest penalty for early withdrawal of principal.,https://www.unibankusa.com/deposit/resources/deposit-rates,,2026-10-05
36,76,EverBank,bank,FL,3.40,,no,,34775,,yes,not stated,,,https://www.everbank.com/product-selection?referid=31176,,2026-10-05
36,78,First Federal Savings Bank,bank,IN,3.35,500,no,,29056,,not stated,not stated,,A penalty will be imposed for early withdrawal.,https://www.firstfedsavings.bank/current-rates/,,2026-10-05
36,78,American Pride Bank,bank,GA,3.35,,no,,58584,,not stated,not stated,,Substantial penalty for early withdrawal.,https://www.americanpride.bank/personal/open-now-cd-rates,,2026-10-05
36,80,Justice Federal Credit Union,credit_union,VA,3.31,100000,no,,,151,not stated,not stated,not stated,Certificate is subject to penalty for early withdrawal.,https://www.jfcu.org/rates,,2026-10-05
36,81,First PREMIER Bank,bank,SD,3.30,500,no,,6085,,not stated,not stated,,"% APY 3.35% CD Term 48 to < 60 Months 2,3 Minimum Opening Deposit $500.00 Interest Rate 3.40% APY 3.40% CD Term 60 to < 72 Months 2,3 Minimum Opening Deposit $500.00 Interest Rate 3.45% APY 3.45% 2 A penalty may be imposed for early withdra",https://www.firstpremier.com/en/personal/savings-and-cds/certificates-of-deposit/,,2026-10-05
36,81,Commonwealth Business Bank,bank,CA,3.30,1000,no,,57873,,yes,not stated,,exible Terms The details Minimum Opening Balance: Equal to your monthly installment Earns Interest: Fixed interest rate Easy Deposit: Automatic transfer from a linked CBB Bank account Withdrawal Fee: Penalty for early withdrawals Compounded,https://www.cbb-bank.com/en/personal/banking/installmentsavingsaccount,,2026-10-05
36,81,KodaBank,bank,ND,3.30,1000,no,,8386,,not stated,not stated,,"$25,000 - $99,999* $100,000+* 3.30% 3.40% 3.50% 3.30% 3.40% 3.50% 60 Month: $1,000 - $24,999* $25,000 - $99,999* $100,000+* 3.40% 3.50% 3.60% 3.40% 3.50% 3.60% Rates Effective September 29th, 2026 *A penalty may be imposed for early withdra",https://www.kodabank.com/personal/save-and-spend/cds-and-iras,,2026-10-05
36,81,Kinecta Federal Credit Union,credit_union,CA,3.30,,no,,,4142,not stated,not stated,not stated,There is a substantial penalty for early withdrawal of certificate funds.,https://www.kinecta.org/rates,,2026-10-05
36,81,Liberty Federal Credit Union,credit_union,IN,3.30,,no,,,1682,yes,not stated,not stated,,https://www.libertyfcu.org/deposit-rates,,2026-10-05
36,86,Heritage Bank Minnesota,bank,MN,3.29,250,no,,8865,,not stated,not stated,,"CD & IRA Interest Rates Rates current as of December 18, 2025 TYPE OF PRODUCT MINIMUM DEPOSIT INTEREST RATE Annual Percentage Yield (APY)* EARLY WITHDRAWAL PENALTIES (Minimum $25) 3 Month Fixed CD $250 4.10% 4.16% 91 Days Interest 6 Month F",https://heritagebankmn.com/personal/cds-iras/,,2026-10-05
36,87,The Bank of Old Monroe,bank,MO,3.28,,no,,1655,,not stated,not stated,,Certificates of deposit may be subject to penalty for early withdrawal.,https://www.bankofoldmonroe.com/bank-rates/,,2026-10-05
36,88,Boonville Federal Savings Bank,bank,IN,3.26,500,no,,30128,,not stated,not stated,,"CDS Term Interest Rate* APY** Minimum Deposit Early Withdrawal Penalty 91 Days 0.05% 0.05% $1,000.00 91 Days 182 Days 0.20% 0.20% $1,000.00 91 Days 09 Months 0.05% 0.05% $1,000.00 91 Days 12 Months 0.95% 0.95% $500.00 180 Days 18 Months 0.3",https://boonville.bank/lending/current-rates/,,2026-10-05
36,89,Great Plains State Bank,bank,NE,3.25,500,no,,14058,,not stated,not stated,,2 Months $500 3.41% 3.45% 15 Months $500 4.09% 4.15% 18 Months $500 3.41% 3.45% 24 Months $500 3.21% 3.25% 36 Months $500 3.21% 3.25% 48 Months $500 3.26% 3.30% 60 Months $500 3.31% 3.35% Substantial penalty will be imposed for early withdr,https://gpsbanks.com/rates/,,2026-10-05
36,89,Forbright Bank,bank,MD,3.25,1000,no,,57614,,not stated,not stated,,Early withdrawal penalties apply to all Certificates of Deposit.,https://www.forbrightbank.com/personal-banking/growth-cd/,,2026-10-05
36,89,Ponce Bank,bank,NY,3.25,1000,no,,31189,,not stated,not stated,,A penalty may be imposed for withdrawals before maturity on CDs.,https://www.poncebank.com/rates,,2026-10-05
36,89,Commercial State Bank,bank,NE,3.25,,no,,13819,,not stated,not stated,,"% 1.45%** $25,000 - $49,999.99 1.54% 1.55%** $50,000 - and up 1.69% 1.70%** IRA 3.21% 3.25%* Rates may change after a variable account has been opened Certificates of Deposit ($1,000 Minimum Deposit, Penalty for Early Withdrawal) Type of Ac",https://www.wausabank.com/resources/rates,,2026-10-05
36,89,DCU (trade name of First Technology FCU in the NCUA file),credit_union,CA,3.25,,no,,,23521,not stated,not stated,yes (one-time donation),A penalty may be imposed for early withdrawal.,https://www.dcu.org/bank/certificates/regular-certificates.html,,2026-10-05
36,89,Farmers Insurance FCU,credit_union,CA,3.25,,no,,,1074,not stated,"Opening an account requires a US Social Security number, according to the institution's own pages.",yes (free American Consumer Council membership),Certificate rates subject to change at any time and are subject to substantial penalties for early withdrawal.,https://figfcu.org/certificates,,2026-10-05
36,89,Presidential Bank,bank,MD,3.25,,no,,32363,,no,Nonresident aliens may be able to open an account in person at a branch.,,A penalty is imposed for early withdrawal.,https://www.presidential.com/personal/banking/cds,,2026-10-05
36,89,"T Bank, National Association",bank,TX,3.25,,no,,57703,,yes,not stated,,CDs & IRAs are subject to a early withdrawal penalty.,https://t.bank/home/current-rates/,,2026-10-05
36,97,Central State Bank,bank,IA,3.23,1500,no,,10903,,not stated,not stated,,Early withdrawal penalty fees may apply on Certificates of Deposits 6 to 60 months Savings and NOW Checking Accounts Savings accounts provide a straightforward way to earn interest while maintaining liquidity.,https://www.centralstatebankia.com/personal/rates,,2026-10-05
36,98,Compass Savings Bank,bank,PA,3.20,500,no,,29430,,not stated,not stated,,Months Minimum Balance Rate APY* 6 $500 3.75% 3.82% 12 $500 3.85% 3.92% 18 $500 3.50% 3.56% 24 $500 3.50% 3.56% 36 $500 3.15% 3.20% 60 $500 3.15% 3.20% * Annual Percentage Yield Penalty may apply for early withdrawal and reduce earnings.,https://compassbank.us/savings-rates/,,2026-10-05
36,98,PenFed Credit Union,credit_union,VA,3.20,,no,,,227,not stated,not stated,not stated,,https://www.penfed.org/certificates/money-market,,2026-09-24
36,100,Columbus Bank and Trust Company,bank,NE,3.16,100,no,,15010,,not stated,not stated,,"% 3.45% $50,000 + 3.45% 3.45% *Interest rates may change after the account is opened and fees could reduce the earnings on the account **APY (Annual Percentage Yield) is paid on the daily balance *** Penalty may be imposed for early withdra",https://colbank.com/rates,,2026-10-05
36,101,First Community Credit Union,credit_union,MO,3.15,500,no,,,67619,not stated,"Accounts are limited to US citizens and US residents, according to the institution's own pages.",not stated (employer or association groups),Certificates have substantial penalties for early withdrawal.,https://www.firstcommunity.com/services-tools/tools/rates.html,,2026-10-05
36,101,First Bank of the Lake,bank,MO,3.15,,no,,26960,,not stated,not stated,,Penalty may be imposed for early withdrawal.,https://www.fblake.bank/rates/,,2026-10-05
36,103,"First Jackson Bank, Inc.",bank,AL,3.10,,no,,23376,,not stated,not stated,,NOTICE: This account may require a minimum daily balance and/or impose a penalty for early withdrawal.,https://firstjacksonbank.com/rates/,,2026-10-05
36,104,Freedom Bank of Southern Missouri,bank,MO,3.09,250,no,,35276,,not stated,not stated,,"Savings ++ $5 $0 0.40% 0.40% Business Savings ++ $100 $0 - - Tier 1 <$50,000.00 - $0 0.35% - Tier 2 $50,000.00 - $50,000 0.45% - Tier 3 $100,000.00 - $100,000 0.55% - APY = Annual Percentage Yield *A penalty may be imposed for early withdra",https://www.freedombk.com/deposit,,2026-10-05
36,105,DLP Bank,bank,FL,3.05,,no,,17734,,not stated,not stated,,1 Penalty for early withdrawal may apply.,https://www.dlp.bank/personal/personal-savings/certificates-of-deposit-cds.html,,2026-10-05
36,105,Marine Bank & Trust Company,bank,FL,3.05,,no,,34233,,not stated,not stated,,,https://www.elgacu.com/plan/certificates/,,2026-09-24
36,107,Mercantile Bank,bank,MI,3.03,,no,,34598,,not stated,not stated,,Subject to early withdrawal pen alty when principal is withdrawn prior to maturity.,https://mercbank.com/personal-banking/cds/merc,,2026-10-05
36,108,Abound Credit Union,credit_union,KY,3.00,500,no,,,7000,yes,not stated,not stated,,https://www.aboundcu.com/community-support/get-in-touch/rates/deposit-rates,,2026-10-05
36,108,The First State Bank of Rosemount,bank,MN,3.00,500,no,,9769,,not stated,not stated,,36 Month Roth IRA $500 3.00% 3.00% Annual 5 Year Roth IRA $500 3.00% 3.00% Annual † Variable Rate (Rate may be subject to change) * Fees could reduce earnings ** Minimum to earn interest Substantial penalty for early withdrawal of certifica,https://www.fsbrosemount.com/financial-tools/rates,,2026-10-05
36,108,Texas Heritage National Bank,bank,TX,3.00,1000,no,,3161,,not stated,not stated,,,https://www.thnb.bank/resources/interest-rates/,,2026-10-05
36,108,United Republic Bank,bank,NE,3.00,1000,no,,58359,,not stated,not stated,,"$1,000 4.16% 4.25% 15-month Special $1,000 $1,000 4.07% 4.15% Jumbo deposits are negotiable | Bank has the right to limit deposits | All rates listed may change daily ** A penalty may be assessed for early withdrawal.",https://www.unitedrepublic.bank/deposit-rates,,2026-10-05
36,108,Home Savings Bank,bank,UT,3.00,10000,no,,26798,,yes,not stated,,Early withdrawal penalties may apply on Certificate of Deposit accounts.,https://www.hsbutah.com/rates,,2026-10-05
36,108,One World Bank,bank,TX,3.00,,no,,57901,,not stated,not stated,,A penalty may be imposed for early withdrawal.,https://www.oneworldbank.com/bank-rates/,,2026-10-05
36,108,SECU Maryland,credit_union,MD,3.00,,no,,,66330,not stated,not stated,not stated,Early withdrawal penalties may apply.,https://www.secumd.org/more/open-account/,,2026-10-05
60,1,Raymond James Bank,bank,FL,5.20,1000,no,,33893,,not stated,not stated,,There is a substantial penalty for early withdrawal.,https://www.raymondjamesbank.com/deposit-accounts,"Rates effective September 18, 2026 per the bank's deposit page. Minimum $1,000, or $2,000 if bought through a Raymond James brokerage account. Rates by phone at 800.718.2265, option 4, or through an advisor.",2026-10-05
60,2,Grant County State Bank,bank,IN,5.09,1000,no,,15687,,not stated,not stated,,"mum Deposit Interest Rate Annual Percentage Yield NOW Checking Account* $1,500.00 0.25% 0.25% Health Savings Account* $1,000.00 minimum balance required to obtain APY $50.00 0.00% 0.00% A substantial penalty may be imposed for early withdra",https://www.grantcostatebank.com/resources/rates,,2026-10-05
60,3,Popular Direct,bank,NY,4.95,,no,,34967,,yes,not stated,,A penalty will be imposed for early withdrawal.,https://www.populardirect.com/,,2026-10-05
60,4,Tower Federal Credit Union,credit_union,MD,4.60,20000,no,,,8333,not stated,not stated,not stated,Withdrawal of the Share Certificate funds before the maturity date will incur an early withdrawal penalty.,https://www.towerfcu.org/rates/deposit-rates,,2026-10-05
60,5,BTG Pactual Bank,bank,NY,4.55,500,no,,35154,,yes,The posted CD rate is for US citizens and resident aliens. Residents of Brazil and Chile who are BTG Pactual clients can open a US dollar account held at Regent Bank.,,Early withdrawal penalties may apply (except No-Penalty CDs).,https://www.btgpactual.us/banking/certificates-of-deposit,,2026-10-05
60,5,NASA Federal Credit Union,credit_union,MD,4.55,1000,no,,,6328,not stated,not stated,not stated,Limitations: Early withdrawal penalties apply and may reduce earnings.,https://www.nasafcu.com/rates-and-fees/checking-savings/share-certificate-rates,,2026-10-05
60,7,Credit Union of Southern California,credit_union,CA,4.50,25,no,,,24983,not stated,not stated,no (local or relative),A penalty may be imposed for early withdrawals.,https://www.cusocal.org/loans/personal/rates/,,2026-10-05
60,7,America First Credit Union,credit_union,UT,4.50,500,no,,,24694,not stated,not stated,not stated,Early Withdrawal Penalty.,https://www.americafirst.com/rates/account-rates.html,,2026-10-05
60,7,Signal Financial FCU,credit_union,MD,4.50,500,no,,,5571,not stated,not stated,yes (donation),Penalties apply for early withdrawal.,https://www.signalfinancialfcu.org/deposit-rates,,2026-10-05
60,7,Bread Savings,bank,UT,4.50,1500,no,,57570,,not stated,not stated,,A penalty will be imposed for early withdrawals on CDs.,https://www.breadfinancial.com/en/bread-savings/certificates-of-deposit.html,,2026-09-24
60,7,Sallie Mae Bank,bank,UT,4.50,2500,no,,58177,,not stated,not stated,,A penalty may be charged for early withdrawal.,https://www.salliemae.com/savings/rate-table/,,2026-10-05
60,7,First National Bank of America,bank,MI,4.50,,no,,17438,,yes,not stated,,A penalty may be imposed for early withdrawal.,https://www.fnba.com/deposit-rates/,,2026-10-05
60,13,Marcus by Goldman Sachs,bank,NY,4.40,500,no,,33124,,yes,not stated,,Choose the term that works for you Annual Percentage Yield Minimum Deposit Early Withdrawal Penalty Annual Percentage Yield Minimum Deposit Early Withdrawal Penalty 6 months High-Yield CD 3.95% $500 Yes 9 months High-Yield CD 4.30% $500 Yes,https://www.marcus.com/us/en/savings/high-yield-cds,,2026-10-05
60,14,Climate First Bank,bank,FL,4.39,,no,,59257,,not stated,not stated,,Personal CDs Business CDs Special Promotions 6-Month Penalty-Free CD 4.33% APY 1 Short-term growth with a strong return $500 minimum deposit No penalty for early withdrawals Read More 12-Month Penalty-Free CD 4.15% APY 2 Lock in a great rat,https://www.climatefirstbank.com/cd,,2026-10-05
60,15,Farmers and Merchants Bank,bank,NE,4.37,,no,,14275,,yes,not stated,,ates of Deposit Learn More Month Rate APY 3 Month 4.00% 4.06% 6 Month 4.00% 4.06% 12 Month 4.10% 4.16% 24 Month 4.20% 4.27% 36 Month 4.30% 4.37% 48 Month 4.30% 4.37% 60 Month 4.30% 4.37% Penalty with early withdrawal Find Us Contact Us Find,https://www.fmbmilligan.com/services-tools/tools/rates.html,,2026-10-05
60,16,Synchrony Bank,bank,UT,4.35,0,no,,27314,,not stated,not stated,,% APY * High Yield Savings (HYS) No minimum balance Explore High Yield Savings % APY * Money Market Account (MMA) No minimum balance Explore Money Market Account FAQs View all FAQs Is there an early withdrawal penalty for CDs? Penalty Amoun,https://api.syf.com/v1/retailBank/products?serviceLevel=0000000,,2026-09-24
60,17,CFG Bank,bank,MD,4.30,500,no,,34294,,yes,not stated,,A $500 minimum daily balance is required to obtain the Annual Percentage Yield (APY) * Early withdrawal penalties may apply.,https://www.cfg.bank/personal-banking/personal-deposit-rates/,,2026-10-05
60,17,Citizens Bank & Trust Company,bank,KY,4.30,500,no,,15675,,not stated,not stated,,Penalty may be imposed for early withdrawal.,https://www.cbtky.com/personal/certificate-of-deposit-rates,,2026-10-05
60,19,Mountain America Credit Union,credit_union,UT,4.25,500,no,,,24692,not stated,not stated,no (listed states),,https://www.macu.com/rates/certificates,,2026-09-24
60,19,Prime Alliance Bank,bank,UT,4.25,500,no,,57920,,yes,not stated,,Penalties assessed for early withdrawal.,https://www.primealliance.bank/cds-2,,2026-10-05
60,19,Hanscom Federal Credit Union,credit_union,MA,4.25,,no,,,9095,not stated,not stated,not stated,Early withdrawal penalties may apply to certificates.,https://www.hfcu.org/rates/account-rates.html,,2026-10-05
60,19,VisionBank,bank,MN,4.25,,no,,58063,,not stated,not stated,,"nth a,c Create Account 4.18% 4.25% 30 Month a,c Create Account 4.18% 4.25% 36 Month a,c Create Account 4.18% 4.25% 48 Month a,c Create Account 4.18% 4.25% 60 Month a,c Create Account 4.18% 4.25% a) A penalty may be imposed for early withdra",https://bankwithvision.com/rates/,,2026-10-05
60,23,Greater Nevada Credit Union,credit_union,NV,4.22,,no,,,68228,not stated,not stated,no (Nevada),A penalty may be imposed for withdrawals before maturity.,https://www.gncu.org/banking/account-rates/,,2026-10-05
60,24,The Croghan Colonial Bank,bank,OH,4.18,500,no,,13341,,yes,not stated,,Early withdrawal penalties apply.,https://croghan.bank/resources/rates,,2026-10-05
60,25,Central Bank,bank,UT,4.16,500,no,,9204,,not stated,not stated,,"gs/$10+ 0.15% 0.15% YOUth Smart Savings Account (Ages 0-18) Account/Amount Interest Rate APY* Savings up to $10,000 2.50% 2.52% Savings / $10,000.01 + 0.35% 0.35% Personal Certificates of Deposit ( a penalty may be imposed for early withdra",https://cbutah.com/resources/rates/,,2026-10-05
60,26,Quorum Federal Credit Union,credit_union,NY,4.15,100,no,,,22769,yes,not stated,not stated,A penalty will be imposed if funds are withdrawn prior to maturity date.,https://www.quorumfcu.org/rates,,2026-10-05
60,26,Gulf Coast Business Bank,bank,FL,4.15,5000,no,,59281,,not stated,not stated,,Early withdrawal penalties may apply.,https://www.gcbbswfl.com/resources/rates,,2026-10-05
60,26,Ent Credit Union,credit_union,,4.15,,no,,,,not stated,not stated,not stated,Individual Retirement Account (IRA) Annual contribution limits apply and penalties may apply for early withdrawal.,https://www.ent.com/rates/,,2026-10-05
60,26,FourLeaf Federal Credit Union (formerly Bethpage FCU),credit_union,NY,4.15,,no,,,4735,yes,"Accounts are limited to US citizens and US residents, according to the institution's own pages.",not stated,Penalties may be imposed for early withdrawal.,https://www.fourleaffcu.com/rates-calculators/,,2026-10-05
60,30,Ally Bank,bank,UT,4.10,0,no,,57803,,not stated,"Opening an account requires a US Social Security number, according to the institution's own pages.",,"High Yield CD AVAILABLE TERMS 2.8% correct as of 10/01/26 Choose from a variety of terms each offering a competitive, fixed rate Early withdrawal penalty will apply APY is fixed for the term of the CD but subject to change upon renewal No m",https://www.ally.com/bank/cd-rates/,,2026-10-05
60,31,Bank of the Flint Hills,bank,KS,4.06,,no,,4791,,not stated,not stated,,A penalty may be imposed for early withdrawal.,https://www.bfh.bank/personal/deposit-rates,,2026-10-05
60,32,Credit Human,credit_union,TX,4.00,500,no,,,24382,not stated,not stated,not stated,0 and up 3.89% 3.96% 36 - 59 months $500.00 and up 3.91% 3.98% 60 - 83 months $500.00 and up 3.93% 4.00% 84 - 119 months $500.00 and up 3.95% 4.02% 120 months $500.00 and up 3.98% 4.05% Disclosures A penalty will be imposed for early withdr,https://credithuman.com/personal/cds/share-certificates/,,2026-09-24
60,32,Northrop Grumman FCU,credit_union,CA,4.00,40000,no,,,24292,not stated,not stated,yes (association),",500 30 Month 3.65% 3.71% $2,500 36 Month 3.75% 3.81% $2,500 48 Month 3.75% 3.81% $2,500 60 Month 3.78% 3.84% $2,500 84 Month 3.30% 3.35% $2,500 Open an Account **A penalty will or may be imposed for early withdrawal *If minimum balance req",https://www.ngfcu.us/rates/savings-rates/certificates,,2026-10-05
60,32,"CFBank, National Association",bank,OH,4.00,,no,,28263,,not stated,not stated,,A penalty will be imposed for early withdrawal and any fees may reduce earnings.,https://www.cf.bank/Personal/Personal-Banking/Savings,,2026-10-05
60,32,Farmers Insurance FCU,credit_union,CA,4.00,,yes,flex,,1074,not stated,"Opening an account requires a US Social Security number, according to the institution's own pages.",yes (free American Consumer Council membership),Certificate rates subject to change at any time and are subject to substantial penalties for early withdrawal.,https://figfcu.org/certificates,,2026-10-05
60,32,First Internet Bank of Indiana,bank,IN,4.00,,no,,34607,,yes,not stated,,Contact Us Learn More Business CD Accounts & Rates Term Interest Rate Annual Percentage Yield (APY) Early Withdrawal Penalties 3-month CD 3.35 % 3.40 % 90 days interest Open Account 6-month CD 3.54 % 3.60 % 180 days interest Open Account 12,https://www.firstib.com/open-account/,,2026-10-05
60,32,Salem Five Direct,bank,MA,4.00,,yes,,23296,,yes,not stated,,onth CD Open the 7-month CD CD Special 4.00% APY 1 12-month CD Open the 12-month CD CD Special 4.25% APY 1 15-month CD Open the 15-month CD CD Special 4.30% APY 1 18-Month CD Open the 18-month CD 1 A penalty will be imposed for premature wi,https://www.salemfivedirect.com/current-offered-rates/,,2026-10-05
60,38,Directions Credit Union,credit_union,OH,3.97,500,no,,,60978,not stated,not stated,no (counties),Penalty for early withdrawal.,https://directionscu.org/personal/save/savings-certificates/checking-savings-rates/,,2026-10-05
60,39,Phelps County Bank,bank,MO,3.96,,no,,18841,,yes,not stated,,.70% 12 Month CD 3.75% 3.80% 15 Month CD 3.75% 3.80% 18 Month CD 3.80% 3.85% 24 Month CD 3.85% 3.91% 30 Month CD 3.85% 3.91% 36 Month CD 3.90% 3.96% 48 Month CD 3.90% 3.96% 60 Month CD 3.90% 3.96% *A penalty may be imposed for early withdra,https://www.mypcb.com/rates,,2026-10-05
60,40,USALLIANCE Financial,credit_union,NY,3.95,500,no,,,17587,not stated,not stated,not stated,"Dividend Savings Certificate Accounts Certificate Account products (similar to CDs) are available for Individual Retirement Accounts (IRAs), with the exception of the 11 Month Special Certificate (No Early Withdrawal Penalty).",https://www.usalliance.org/about-us/rates/savings-rates,,2026-10-05
60,41,Spring Bank,bank,WI,3.94,,no,,58780,,not stated,not stated,,"Penalties for early withdrawal of principal could reduce earnings, whether earned or not.",https://www.springbankwi.bank/current-deposit-rates,,2026-10-05
60,42,KS StateBank,bank,KS,3.90,500,no,,19899,,yes,"Accounts are limited to US citizens and US residents, according to the institution's own pages.",,You may be charged a substantial penalty for early withdrawals.,https://www.ksstate.bank/resources/deposit-rates,,2026-10-05
60,42,Chevron Federal Credit Union,credit_union,CA,3.90,,no,,,24326,yes,Chevron employees working outside the US can join. Other applicants need a US Social Security number.,possibly (association),All certificates are subject to an early withdrawal penalty.,https://www.chevronfcu.org/rates/share-certificate,,2026-10-05
60,44,Community Commerce Bank,bank,CA,3.87,,no,,26363,,not stated,not stated,,4 Substantial penalty for early withdrawal.,https://ccombank.com/deposits/,,2026-10-05
60,45,Navy Federal Credit Union,credit_union,VA,3.85,,no,,,5536,not stated,not stated,no (military and DoD),Penalties apply for early withdrawals from certificate accounts.,https://www.navyfederal.org/checking-savings/savings/certificates.html,,2026-10-05
60,45,Second Federal Savings and Loan Association of Philadelphia,bank,PA,3.85,,no,,29627,,not stated,not stated,,Certificates of Deposit carry a penalty for early withdrawal.,https://secondfed.com/rates/,,2026-10-05
60,47,FinWise Bank,bank,UT,3.84,,no,,35323,,yes,not stated,,‡ An early withdrawal penalty may apply for all Certificates of Deposit.,https://www.finwise.bank/wp-content/uploads/2026/04/Online-FW-Savings-Certificate-of-Deposit-Rates-04-10-2026.pdf,,2026-10-05
60,48,Balboa Thrift and Loan Association,bank,CA,3.82,,no,,26704,,not stated,not stated,,An early withdrawal penalty equal to three (3) months of interest may be imposed for early withdrawals.,https://www.balboathrift.com/deposits/deposit-rates,,2026-10-05
60,48,GTE Financial,credit_union,FL,3.82,,no,,,196,not stated,not stated,not stated,While there are no penalties for monthly dividend withdrawals a penalty may be imposed for early withdrawal which could reduce the earnings on the account and/or reduce the principal.,https://www.gtefinancial.org/products/share-certificates,,2026-10-05
60,50,Andrews Federal Credit Union,credit_union,MD,3.80,10000,no,,,5754,yes,not stated,yes (free American Consumer Council membership),Penalties apply for early withdrawal.,https://www.andrewsfcu.org/rates,,2026-10-05
60,50,Air Force Federal Credit Union (Vibrant),credit_union,,3.80,,no,,,,yes,not stated,not stated,out Certificates 6 $300 minimum opening deposit for all regular share and IRA accounts; $5 minimum deposit for youth club members under 18 years of age 7 Fees could reduce earnings on the account 8 A penalty will be imposed for early withdr,https://www.freedomfcu.org/rates/,,2026-10-05
60,52,State Bank of Bottineau,bank,ND,3.79,100,no,,9121,,not stated,not stated,,"3.79% a 60 MONTH CD $ 100.00 3.75% 3.79% a, b 21 MONTH RATE WATCH CD $ 2,500.00 3.60% 3.65% a, b 36 MONTH RATE WATCH CD $ 2,500.00 3.65% 3.70% a, b 57 MONTH RATE WATCH CD $ 2,500.00 3.70% 3.75% a) A penalty may be imposed for early withdraw",https://www.statebankofbottineau.com/assets/files/wbJLgSoZ,,2026-10-05
60,52,Rolette State Bank,bank,ND,3.79,500,no,,9120,,not stated,not stated,,"Contact Us Rates Certificates of Deposit (CDs) Effective January 8, 2026 Penalty may be imposed for early withdrawal.",https://www.rolettestatebank.com/rates/,,2026-10-05
60,54,Latino Community Credit Union,credit_union,NC,3.75,500,no,,,68430,yes,not stated,not stated,% 3.50% 18 Months $500 3.55% 3.55% 24 Months $500 3.65% 3.65% 36 Months $500 3.70% 3.70% 48 Months $500 3.73% 3.73% 60 Months $500 3.75% 3.75% The Fine Print The important details Account Limitations/Early Withdrawal Penalties.,https://latinoccu.org/products-and-services/savings/certificates-of-deposit/certificates-of-deposit/,,2026-10-05
60,54,Visions Federal Credit Union,credit_union,NY,3.75,500,no,,,17429,not stated,not stated,not stated,Should the early withdrawal amount during the life of the certificate exceed the original balance the Credit Union will require that the entire balance be withdrawn and subject to penalty.,https://www.visionsfcu.org/rates/ira-rates,,2026-10-05
60,54,Community First National Bank,bank,KS,3.75,,no,,35585,,not stated,not stated,,A penalty may be imposed for early withdrawal on any CD.,https://www.cfnb.bank/document-center.cfm?fx=DEMKIE6MTPPJJWDD,,2026-10-05
60,54,DCU (trade name of First Technology FCU in the NCUA file),credit_union,CA,3.75,,no,,,23521,not stated,not stated,yes (one-time donation),A penalty may be imposed for early withdrawal.,https://www.dcu.org/bank/certificates.html,,2026-10-05
60,54,ESB Financial,bank,KS,3.75,,no,,16629,,not stated,not stated,,Greater earnings than standard savings Receive higher rates by selecting a longer term Provides more guarantee than other risky investments A wide range of terms available (from 3 months to 5 years) Penalty for early withdrawal FDIC insured,https://www.esbfinancial.com/banking/personal-banking/personal-savings/certificates-of-deposit-cds.html,,2026-10-05
60,54,Technology Credit Union,credit_union,CA,3.75,,no,,,68383,not stated,not stated,not stated,Penalties will be imposed for early withdrawals.,https://www.techcu.com/Resources/Rates,,2026-10-05
60,60,Crews Bank & Trust,bank,FL,3.70,500,no,,8021,,yes,not stated,,A penalty is imposed for early withdrawal from a Time Deposit.,https://www.crews.bank/hubfs/_CBT/PDFs/Deposits%20Rate%20Sheet.pdf,,2026-10-05
60,60,State Savings Bank,bank,IA,3.70,2000,no,,248,,not stated,not stated,,Substantial penalty for early withdrawal.,https://www.ssb.bank/personal/current-rates,,2026-10-05
60,60,Alliant Credit Union,credit_union,IL,3.70,75000,no,,,67955,not stated,People living outside the US can join if they have a US Social Security number or an ITIN.,yes (foundation),"If you withdraw funds from an Alliant certificate before the maturity date, you may incur an early withdrawal penalty, per the table below.",https://www.alliantcreditunion.org/bank/credit-union-certificate,,2026-10-05
60,60,Beacon Community Bank,bank,SC,3.70,,no,,59106,,not stated,not stated,,A penalty of 5 months interest on the amount withdrawn will be imposed for early withdrawals on terms equal to 5 months.,https://www.beacon.bank/personal/banking/interest-rates,,2026-09-28
60,60,Commerce Bank & Trust,bank,FL,3.70,,no,,57429,,not stated,not stated,,²A penalty may be imposed for early withdrawal.,https://cbtfl.com/about-us/rates/,,2026-10-05
60,65,Great North Bank,bank,WI,3.66,,no,,15146,,not stated,not stated,,Early withdrawal penalties may apply.,https://www.greatnorthbank.com/wp-content/uploads/PDF/OAO-Rate.pdf,,2026-10-05
60,65,Putnam County State Bank,bank,MO,3.66,,no,,22895,,not stated,not stated,,,https://www.putnamcountystatebank.com/cd-rates,,2026-10-05
60,67,First State Bank of Bigfork,bank,MN,3.60,45000,no,,10991,,yes,not stated,,1 Penalty of 30 days interest is imposed on early withdrawal.,https://www.fsbbigfork.com/services-tools/helpful-tools/rates.html,,2026-10-05
60,67,Lafayette Federal Credit Union,credit_union,MD,3.60,,no,,,619,not stated,not stated,no (MD DC VA only for the ACC route),to Earn APY 2 Dividend APY 2 1 Early withdrawal penalties may apply.,https://www.lfcu.org/personal/certificates/,,2026-10-05
60,69,Garden Plain State Bank,bank,KS,3.55,1000,no,,19687,,not stated,not stated,,,https://www.gpsbank.com/deposit-rates,,2026-10-05
60,69,Liberty Federal Credit Union,credit_union,IN,3.55,,no,,,1682,yes,not stated,not stated,,https://www.libertyfcu.org/deposit-rates,,2026-10-05
60,69,Security Bank,bank,OK,3.55,,no,,4178,,not stated,not stated,,A penalty may be imposed for early withdrawal from a Certificate of Deposit.,https://www.sbtulsa.bank/Current-Rates,,2026-10-05
60,72,Leighton State Bank,bank,IA,3.53,,no,,10118,,not stated,not stated,,p 3.75% 3.80% Quarterly 4 Year Step 3.50% 3.55% Quarterly 5 Year 3.50% 3.53% Semi-Annually * Annual Percentage Yield (APY) Rates effective 8/24/2026 and subject to change $500 minimum balance for CDs Early withdrawal penalties may apply.,https://leightonbank.com/bank-with-us/personal/cds-iras-and-hsas/,,2026-10-05
60,73,"Academy Bank, National Association",bank,MO,3.51,500,no,,19600,,not stated,not stated,,"If not a CD, then should I try a Money Market All 3 * Annual Percentage Yield 1 A penalty may be imposed for early withdrawal.",https://www.academybank.com/personal/save/certificate-of-deposit,,2026-10-05
60,74,Patelco Credit Union,credit_union,CA,3.50,250,no,,,68579,not stated,not stated,not stated,"And if you take money out before the end of the specified term, you’ll likely have to pay an early withdrawal penalty.",https://www.patelco.org/checking-and-savings/savings-accounts/share-certificates?utm=INT:HME:MGMNAV:CERTS,,2026-10-05
60,74,Home Bank and Trust Company,bank,KS,3.50,1000,no,,4664,,not stated,not stated,,,https://homebank-trust.com/rates/,,2026-10-05
60,74,Pathway Bank,bank,NE,3.50,1000,no,,1992,,not stated,not stated,,Substantial Penalty for Early Withdrawal.,https://www.pathwaybank.com/cds-iras-hsas,,2026-10-05
60,74,Blue Federal Credit Union,credit_union,WY,3.50,10425,no,,,7361,yes,not stated,yes (foundation support),Early withdrawal penalties apply.,https://www.bluefcu.com/bank/savings/term-shares/,,2026-10-05
60,74,Access Bank,bank,NE,3.50,,no,,58727,,not stated,not stated,,penalty may be imposed for early withdrawal.,https://www.accessbank.com/for-you/accounts/interest-rates,,2026-10-05
60,74,"First Jackson Bank, Inc.",bank,AL,3.50,,no,,23376,,not stated,not stated,,NOTICE: This account may require a minimum daily balance and/or impose a penalty for early withdrawal.,https://firstjacksonbank.com/rates/,,2026-10-05
60,80,Columbus Bank and Trust Company,bank,NE,3.45,100,no,,15010,,not stated,not stated,,"% 3.45% $50,000 + 3.45% 3.45% *Interest rates may change after the account is opened and fees could reduce the earnings on the account **APY (Annual Percentage Yield) is paid on the daily balance *** Penalty may be imposed for early withdra",https://colbank.com/rates,,2026-10-05
60,80,Marine Bank & Trust Company,bank,FL,3.45,,no,,34233,,not stated,not stated,,,https://www.elgacu.com/plan/certificates/,,2026-09-24
60,80,Quaint Oak Bank,bank,PA,3.45,,no,,35497,,not stated,not stated,,Certificates of deposit accounts carry a substantial penalty for early withdrawal.,https://www.quaintoak.com/personal-banking/deposit-products/cd-account/2-year-cd/,,2026-10-05
60,83,First PREMIER Bank,bank,SD,3.40,500,no,,6085,,not stated,not stated,,"% APY 3.35% CD Term 48 to < 60 Months 2,3 Minimum Opening Deposit $500.00 Interest Rate 3.40% APY 3.40% CD Term 60 to < 72 Months 2,3 Minimum Opening Deposit $500.00 Interest Rate 3.45% APY 3.45% 2 A penalty may be imposed for early withdra",https://www.firstpremier.com/en/personal/savings-and-cds/certificates-of-deposit/,,2026-10-05
60,83,KodaBank,bank,ND,3.40,1000,no,,8386,,not stated,not stated,,"$25,000 - $99,999* $100,000+* 3.30% 3.40% 3.50% 3.30% 3.40% 3.50% 60 Month: $1,000 - $24,999* $25,000 - $99,999* $100,000+* 3.40% 3.50% 3.60% 3.40% 3.50% 3.60% Rates Effective September 29th, 2026 *A penalty may be imposed for early withdra",https://www.kodabank.com/personal/save-and-spend/cds-and-iras,,2026-10-05
60,83,EverBank,bank,FL,3.40,,no,,34775,,yes,not stated,,,https://www.everbank.com/product-selection?referid=31176,,2026-10-05
60,83,First Bank of the Lake,bank,MO,3.40,,no,,26960,,not stated,not stated,,Penalty may be imposed for early withdrawal.,https://www.fblake.bank/rates/,,2026-10-05
60,87,Kinecta Federal Credit Union,credit_union,CA,3.40,,no,,,4142,not stated,not stated,not stated,There is a substantial penalty for early withdrawal of certificate funds.,https://www.kinecta.org/rates,,2026-10-05
60,88,Great Plains State Bank,bank,NE,3.35,500,no,,14058,,not stated,not stated,,2 Months $500 3.41% 3.45% 15 Months $500 4.09% 4.15% 18 Months $500 3.41% 3.45% 24 Months $500 3.21% 3.25% 36 Months $500 3.21% 3.25% 48 Months $500 3.26% 3.30% 60 Months $500 3.31% 3.35% Substantial penalty will be imposed for early withdr,https://gpsbanks.com/rates/,,2026-10-05
60,88,First American State Bank,bank,CO,3.35,,no,,34040,,not stated,not stated,,,https://www.firstamericanstatebank.com/deposit-products/,,2026-10-05
60,90,Boonville Federal Savings Bank,bank,IN,3.34,500,no,,30128,,not stated,not stated,,"CDS Term Interest Rate* APY** Minimum Deposit Early Withdrawal Penalty 91 Days 0.05% 0.05% $1,000.00 91 Days 182 Days 0.20% 0.20% $1,000.00 91 Days 09 Months 0.05% 0.05% $1,000.00 91 Days 12 Months 0.95% 0.95% $500.00 180 Days 18 Months 0.3",https://boonville.bank/lending/current-rates/,,2026-10-05
60,91,First Community Credit Union,credit_union,MO,3.30,500,no,,,67619,not stated,"Accounts are limited to US citizens and US residents, according to the institution's own pages.",not stated (employer or association groups),Certificates have substantial penalties for early withdrawal.,https://www.firstcommunity.com/services-tools/tools/rates.html,,2026-10-05
60,92,First Federal Savings Bank,bank,IN,3.29,500,no,,29056,,not stated,not stated,,A penalty will be imposed for early withdrawal.,https://www.firstfedsavings.bank/current-rates/,,2026-10-05
60,93,Bank of Deerfield,bank,WI,3.28,500,no,,2477,,not stated,not stated,,", IRAs, and HSA**⁵ Term Minimum to Open Account Minimum Balance to Obtain APY Interest Rate Annual Percentage Yield 25 Month $2,500 $2,500 4.34% 4.39% 36 Month $2,500 $2,500 4.40% 4.45% ¹ Substantial Penalty for Early Withdrawal ² Advertise",https://www.bankofdeerfield.bank/resources/deposit-rates,,2026-10-05
60,93,The Bank of Old Monroe,bank,MO,3.28,,no,,1655,,not stated,not stated,,Certificates of deposit may be subject to penalty for early withdrawal.,https://www.bankofoldmonroe.com/bank-rates/,,2026-10-05
60,95,Forbright Bank,bank,MD,3.25,1000,no,,57614,,not stated,not stated,,Early withdrawal penalties apply to all Certificates of Deposit.,https://www.forbrightbank.com/personal-banking/growth-cd/,,2026-10-05
60,95,The Corner Stone Bank,bank,MO,3.25,1000,no,,9388,,not stated,not stated,,"000 3.20% 3.25% Regular IRAs $100 $0 4.75% 4.75% Roth IRAs $100 $0 4.75% 4.75% Educational IRAs $100 $0 1.25% 1.25% 17 Month Special $1,000 $1,000 4.12% 4.20% *Fees could reduce earnings on accounts *Early withdrawal penalties will or may b",https://www.thecornerstonebank.net/deposits/rates,,2026-10-05
60,95,"T Bank, National Association",bank,TX,3.25,,no,,57703,,yes,not stated,,CDs & IRAs are subject to a early withdrawal penalty.,https://t.bank/home/current-rates/,,2026-10-05
60,98,Justice Federal Credit Union,credit_union,VA,3.21,100000,no,,,151,not stated,not stated,not stated,Certificate is subject to penalty for early withdrawal.,https://www.jfcu.org/rates,,2026-10-05
60,99,Compass Savings Bank,bank,PA,3.20,500,no,,29430,,not stated,not stated,,Months Minimum Balance Rate APY* 6 $500 3.75% 3.82% 12 $500 3.85% 3.92% 18 $500 3.50% 3.56% 24 $500 3.50% 3.56% 36 $500 3.15% 3.20% 60 $500 3.15% 3.20% * Annual Percentage Yield Penalty may apply for early withdrawal and reduce earnings.,https://compassbank.us/savings-rates/,,2026-10-05
60,99,PenFed Credit Union,credit_union,VA,3.20,,no,,,227,not stated,not stated,not stated,,https://www.penfed.org/certificates/money-market,,2026-09-24
60,99,Sidney Federal Credit Union,credit_union,NY,3.20,,no,,,6011,yes,not stated,no (counties),,https://sfcuonline.org/accounts/share-certificates/,,2026-10-05
60,102,Nuvision Credit Union,credit_union,CA,3.10,,no,,,566,not stated,not stated,not stated,IRS penalties may apply for early withdrawal.,https://www.nuvisioncu.org/rates/deposit-rates-certificates,,2026-09-24
60,103,DeMotte State Bank,bank,IN,3.03,500,no,,15883,,not stated,not stated,,APY represents Annual Percentage Yield A penalty will be imposed for funds withdrawn prior to maturity for all time deposits.,https://www.netdsb.com/rates-fees/,,2026-10-05
60,103,MA Bank,bank,MO,3.03,500,no,,14695,,not stated,not stated,,Fixed rate IRA are subject to above rates Substantial penalty for early withdrawal Privacy Policy Terms & Conditions US PATRIOT Act Zelle User Agreement Sitemap © MA Bank.,https://www.mabank.com/personal/rates,,2026-10-05
60,103,Washita State Bank,bank,OK,3.03,1000,no,,22430,,not stated,not stated,,**Early Withdrawal Penalties May Apply.,https://www.washitastatebank.com/personal/deposit-rates,,2026-10-05
60,103,Mercantile Bank,bank,MI,3.03,,no,,34598,,not stated,not stated,,Subject to early withdrawal pen alty when principal is withdrawn prior to maturity.,https://mercbank.com/personal-banking/cds/merc,,2026-10-05
60,107,Central State Bank,bank,IA,3.02,1500,no,,10903,,not stated,not stated,,Early withdrawal penalty fees may apply on Certificates of Deposits 6 to 60 months Savings and NOW Checking Accounts Savings accounts provide a straightforward way to earn interest while maintaining liquidity.,https://www.centralstatebankia.com/personal/rates,,2026-10-05
60,108,BayFirst National Bank,bank,FL,3.01,,no,,34997,,not stated,not stated,,A penalty may be charged for early withdrawal.,https://www.bayfirstfinancial.com/personal/savings-money-market-and-cds/certificates-of-deposit/,,2026-10-05
60,109,American Express National Bank,bank,UT,3.00,0,no,,27471,,not stated,not stated,,rawn with no penalty  -  great for unexpected challenges Explore HYSA Certificate of Deposit Account Know exactly how much your investment will earn A fixed APY protects you from falling interest rates Early withdrawal fee helps reinforce a,https://www.americanexpress.com/en-us/banking/online-savings/cd/,,2026-09-24
60,109,Freedom Bank of Southern Missouri,bank,MO,3.00,250,no,,35276,,not stated,not stated,,"Savings ++ $5 $0 0.40% 0.40% Business Savings ++ $100 $0 - - Tier 1 <$50,000.00 - $0 0.35% - Tier 2 $50,000.00 - $50,000 0.45% - Tier 3 $100,000.00 - $100,000 0.55% - APY = Annual Percentage Yield *A penalty may be imposed for early withdra",https://www.freedombk.com/deposit,,2026-10-05
60,109,The First State Bank of Rosemount,bank,MN,3.00,500,no,,9769,,not stated,not stated,,36 Month Roth IRA $500 3.00% 3.00% Annual 5 Year Roth IRA $500 3.00% 3.00% Annual † Variable Rate (Rate may be subject to change) * Fees could reduce earnings ** Minimum to earn interest Substantial penalty for early withdrawal of certifica,https://www.fsbrosemount.com/financial-tools/rates,,2026-10-05
60,109,UniBank,bank,WA,3.00,1000,no,,58407,,not stated,not stated,,All certificate of deposits and IRA's are subject to an interest penalty for early withdrawal of principal.,https://www.unibankusa.com/deposit/resources/deposit-rates,,2026-10-05
60,109,Home Savings Bank,bank,UT,3.00,10000,no,,26798,,yes,not stated,,Early withdrawal penalties may apply on Certificate of Deposit accounts.,https://www.hsbutah.com/rates,,2026-10-05
60,109,BMO Alto,bank,IL,3.00,,no,,16571,,yes,not stated,,,https://www.alto.bmo.com/en-us/high-yield-cd/,,2026-09-24
60,109,One World Bank,bank,TX,3.00,,no,,57901,,not stated,not stated,,A penalty may be imposed for early withdrawal.,https://www.oneworldbank.com/bank-rates/,,2026-10-05
60,109,Prime Meridian Bank,bank,FL,3.00,,no,,58694,,yes,not stated,,,https://www.midflorida.com/rates/certificates,,2026-10-05
